date,sales,onpromotion,dcoilwtico,transactions,dayofweek,is_weekend,is_holiday_overall
2013-01-01,0.0,0,93.14,0.0,1,0,1
2013-01-02,1091.0,0,93.14,2111.0,2,0,0
2013-01-03,919.0,0,92.97,1833.0,3,0,0
2013-01-04,953.0,0,93.12,1863.0,4,0,0
2013-01-05,1160.0,0,93.12,1509.0,5,1,1
2013-01-06,407.0,0,93.12,520.0,6,1,0
2013-01-07,1158.0,0,93.2,1807.0,0,0,0
2013-01-08,1029.0,0,93.21,1869.0,1,0,0
2013-01-09,1186.0,0,93.08,1910.0,2,0,0
2013-01-10,847.0,0,93.81,1679.0,3,0,0
2013-01-11,1033.0,0,93.6,1813.0,4,0,0
2013-01-12,1143.0,0,93.6,1473.0,5,1,1
2013-01-13,572.0,0,93.6,542.0,6,1,0
2013-01-14,1178.0,0,94.27,1780.0,0,0,0
2013-01-15,1149.0,0,93.26,1680.0,1,0,0
2013-01-16,1043.0,0,94.28,1933.0,2,0,0
2013-01-17,898.0,0,95.49,1786.0,3,0,0
2013-01-18,1130.0,0,95.61,1745.0,4,0,0
2013-01-19,1280.0,0,95.61,1389.0,5,1,0
2013-01-20,453.0,0,95.61,507.0,6,1,0
2013-01-21,1104.0,0,95.61,1770.0,0,0,0
2013-01-22,1037.0,0,96.09,1762.0,1,0,0
2013-01-23,1052.0,0,95.06,1873.0,2,0,0
2013-01-24,846.0,0,95.35,1616.0,3,0,0
2013-01-25,1103.0,0,95.15,1770.0,4,0,0
2013-01-26,965.0,0,95.15,1295.0,5,1,0
2013-01-27,417.0,0,95.15,542.0,6,1,0
2013-01-28,772.0,0,95.95,1738.0,0,0,0
2013-01-29,932.0,0,97.62,1772.0,1,0,0
2013-01-30,1031.0,0,97.98,1877.0,2,0,0
2013-01-31,889.0,0,97.65,1707.0,3,0,0
2013-02-01,941.0,0,97.46,1806.0,4,0,0
2013-02-02,1005.0,0,97.46,1377.0,5,1,0
2013-02-03,442.0,0,97.46,531.0,6,1,0
2013-02-04,775.0,0,96.21,1714.0,0,0,0
2013-02-05,794.0,0,96.68,1775.0,1,0,0
2013-02-06,923.0,0,96.44,1853.0,2,0,0
2013-02-07,794.0,0,95.84,1727.0,3,0,0
2013-02-08,949.0,0,95.71,1878.0,4,0,0
2013-02-09,783.0,0,95.71,1104.0,5,1,0
2013-02-10,185.0,0,95.71,374.0,6,1,0
2013-02-11,172.0,0,97.01,396.0,0,0,1
2013-02-12,280.0,0,97.48,487.0,1,0,1
2013-02-13,823.0,0,97.03,1921.0,2,0,0
2013-02-14,728.0,0,97.3,2119.0,3,0,0
2013-02-15,905.0,0,95.95,1787.0,4,0,0
2013-02-16,989.0,0,95.95,1263.0,5,1,0
2013-02-17,299.0,0,95.95,399.0,6,1,0
2013-02-18,933.0,0,95.95,1742.0,0,0,0
2013-02-19,852.0,0,96.69,1806.0,1,0,0
2013-02-20,882.0,0,94.92,1835.0,2,0,0
2013-02-21,910.0,0,92.79,1756.0,3,0,0
2013-02-22,959.0,0,93.12,1805.0,4,0,0
2013-02-23,1000.0,0,93.12,1448.0,5,1,0
2013-02-24,439.0,0,93.12,512.0,6,1,0
2013-02-25,851.0,0,92.74,1760.0,0,0,0
2013-02-26,787.0,0,92.63,1804.0,1,0,0
2013-02-27,962.0,0,92.84,1845.0,2,0,0
2013-02-28,960.0,0,92.03,1763.0,3,0,0
2013-03-01,911.0,0,90.71,1916.0,4,0,0
2013-03-02,1221.0,0,90.71,1332.0,5,1,0
2013-03-03,372.0,0,90.71,547.0,6,1,0
2013-03-04,1037.0,0,90.13,1841.0,0,0,0
2013-03-05,780.0,0,90.88,1750.0,1,0,0
2013-03-06,1069.0,0,90.47,1929.0,2,0,0
2013-03-07,1094.0,0,91.53,1751.0,3,0,0
2013-03-08,1186.0,0,92.01,1960.0,4,0,0
2013-03-09,1089.0,0,92.01,1337.0,5,1,0
2013-03-10,548.0,0,92.01,538.0,6,1,0
2013-03-11,1072.0,0,92.07,1874.0,0,0,0
2013-03-12,833.0,0,92.44,1734.0,1,0,0
2013-03-13,1078.0,0,92.47,1841.0,2,0,0
2013-03-14,753.0,0,93.03,1751.0,3,0,0
2013-03-15,967.0,0,93.49,1812.0,4,0,0
2013-03-16,1092.0,0,93.49,1238.0,5,1,0
2013-03-17,466.0,0,93.49,561.0,6,1,0
2013-03-18,772.0,0,93.71,1696.0,0,0,0
2013-03-19,836.0,0,92.44,1728.0,1,0,0
2013-03-20,1059.0,0,93.21,1879.0,2,0,0
2013-03-21,756.0,0,92.46,1727.0,3,0,0
2013-03-22,842.0,0,93.41,1689.0,4,0,0
2013-03-23,985.0,0,93.41,1358.0,5,1,0
2013-03-24,390.0,0,93.41,531.0,6,1,0
2013-03-25,856.0,0,94.55,1770.0,0,0,0
2013-03-26,788.0,0,95.99,1700.0,1,0,0
2013-03-27,1198.0,0,96.53,1840.0,2,0,0
2013-03-28,1043.0,0,97.24,1729.0,3,0,0
2013-03-29,280.0,0,97.24,474.0,4,0,0
2013-03-30,787.0,0,97.24,1002.0,5,1,0
2013-03-31,400.0,0,97.24,464.0,6,1,0
2013-04-01,931.0,0,97.1,1894.0,0,0,0
2013-04-02,1083.0,0,97.23,1705.0,1,0,0
2013-04-03,1082.0,0,95.02,1912.0,2,0,0
2013-04-04,809.0,0,93.26,1723.0,3,0,0
2013-04-05,1025.0,0,92.76,1899.0,4,0,0
2013-04-06,1053.0,0,92.76,1349.0,5,1,0
2013-04-07,431.0,0,92.76,521.0,6,1,0
2013-04-08,896.0,0,93.36,1824.0,0,0,0
2013-04-09,826.0,0,94.18,1744.0,1,0,0
2013-04-10,1165.0,0,94.59,1916.0,2,0,0
2013-04-11,867.0,0,93.44,1638.0,3,0,0
2013-04-12,1122.0,0,91.23,1860.0,4,0,0
2013-04-13,1030.0,0,91.23,1338.0,5,1,0
2013-04-14,398.0,0,91.23,525.0,6,1,0
2013-04-15,842.0,0,88.75,1804.0,0,0,0
2013-04-16,919.0,0,88.73,1757.0,1,0,0
2013-04-17,951.0,0,86.65,1807.0,2,0,0
2013-04-18,785.0,0,87.83,1607.0,3,0,0
2013-04-19,862.0,0,88.04,1737.0,4,0,0
2013-04-20,1192.0,0,88.04,1335.0,5,1,0
2013-04-21,427.0,0,88.04,505.0,6,1,0
2013-04-22,853.0,0,88.81,1838.0,0,0,0
2013-04-23,832.0,0,89.21,1697.0,1,0,0
2013-04-24,1009.0,0,91.07,1921.0,2,0,0
2013-04-25,898.0,0,93.27,1660.0,3,0,0
2013-04-26,952.0,0,92.63,1843.0,4,0,0
2013-04-27,1012.0,0,92.63,1314.0,5,1,0
2013-04-28,447.0,0,92.63,517.0,6,1,0
2013-04-29,722.0,0,94.09,1653.0,0,0,1
2013-04-30,1106.0,0,93.22,1897.0,1,0,0
2013-05-01,418.0,0,90.74,613.0,2,0,1
2013-05-02,995.0,0,93.7,1763.0,3,0,0
2013-05-03,1207.0,0,95.25,1847.0,4,0,0
2013-05-04,1091.0,0,95.25,1347.0,5,1,0
2013-05-05,528.0,0,95.25,538.0,6,1,0
2013-05-06,1055.0,0,95.8,1834.0,0,0,0
2013-05-07,988.0,0,95.28,1792.0,1,0,0
2013-05-08,987.0,0,96.24,1904.0,2,0,0
2013-05-09,812.0,0,96.09,1813.0,3,0,0
2013-05-10,952.0,0,95.81,1959.0,4,0,0
2013-05-11,1114.0,0,95.81,1488.0,5,1,1
2013-05-12,384.0,0,95.81,549.0,6,1,1
2013-05-13,992.0,0,94.76,1784.0,0,0,0
2013-05-14,1024.0,0,93.96,1747.0,1,0,0
2013-05-15,928.0,0,93.95,1887.0,2,0,0
2013-05-16,1040.0,0,94.85,1781.0,3,0,0
2013-05-17,939.0,0,95.72,1883.0,4,0,0
2013-05-18,971.0,0,95.72,1299.0,5,1,0
2013-05-19,354.0,0,95.72,497.0,6,1,0
2013-05-20,819.0,0,96.29,1732.0,0,0,0
2013-05-21,719.0,0,95.55,1692.0,1,0,0
2013-05-22,871.0,0,93.98,1865.0,2,0,0
2013-05-23,974.0,0,94.12,1753.0,3,0,0
2013-05-24,325.0,0,93.84,496.0,4,0,1
2013-05-25,827.0,0,93.84,1107.0,5,1,0
2013-05-26,310.0,0,93.84,411.0,6,1,0
2013-05-27,805.0,0,93.84,1748.0,0,0,0
2013-05-28,739.0,0,94.65,1787.0,1,0,0
2013-05-29,1021.0,0,93.13,1815.0,2,0,0
2013-05-30,811.0,0,93.57,1737.0,3,0,0
2013-05-31,913.0,0,91.93,1818.0,4,0,0
2013-06-01,1114.0,0,91.93,1357.0,5,1,0
2013-06-02,335.0,0,91.93,430.0,6,1,0
2013-06-03,1049.0,0,93.41,1882.0,0,0,0
2013-06-04,1006.0,0,93.36,1785.0,1,0,0
2013-06-05,1143.0,0,93.66,1845.0,2,0,0
2013-06-06,957.0,0,94.71,1815.0,3,0,0
2013-06-07,968.0,0,96.11,1885.0,4,0,0
2013-06-08,1105.0,0,96.11,1279.0,5,1,0
2013-06-09,430.0,0,96.11,510.0,6,1,0
2013-06-10,961.0,0,95.82,1826.0,0,0,0
2013-06-11,887.0,0,95.5,1855.0,1,0,0
2013-06-12,1064.0,0,95.98,1863.0,2,0,0
2013-06-13,996.0,0,96.66,1711.0,3,0,0
2013-06-14,959.0,0,97.83,1856.0,4,0,0
2013-06-15,1040.0,0,97.83,1356.0,5,1,0
2013-06-16,386.0,0,97.83,541.0,6,1,0
2013-06-17,1239.0,0,97.86,1786.0,0,0,0
2013-06-18,868.0,0,98.46,1775.0,1,0,0
2013-06-19,1070.0,0,98.24,1783.0,2,0,0
2013-06-20,801.0,0,94.89,1629.0,3,0,0
2013-06-21,901.0,0,93.81,1700.0,4,0,0
2013-06-22,1020.0,0,93.81,1295.0,5,1,0
2013-06-23,432.0,0,93.81,493.0,6,1,0
2013-06-24,888.0,0,95.07,1820.0,0,0,0
2013-06-25,1061.0,0,95.25,1718.0,1,0,0
2013-06-26,874.0,0,95.47,1856.0,2,0,0
2013-06-27,856.0,0,97.0,1671.0,3,0,0
2013-06-28,1027.0,0,96.36,1808.0,4,0,0
2013-06-29,1044.0,0,96.36,1264.0,5,1,0
2013-06-30,325.0,0,96.36,482.0,6,1,0
2013-07-01,839.0,0,97.94,1797.0,0,0,0
2013-07-02,941.0,0,99.65,1778.0,1,0,0
2013-07-03,915.0,0,101.92,1899.0,2,0,0
2013-07-04,787.0,0,101.92,1792.0,3,0,0
2013-07-05,895.0,0,103.09,1804.0,4,0,0
2013-07-06,965.0,0,103.09,1186.0,5,1,0
2013-07-07,377.0,0,103.09,485.0,6,1,0
2013-07-08,1012.0,0,103.03,1826.0,0,0,0
2013-07-09,809.0,0,103.46,1804.0,1,0,0
2013-07-10,819.0,0,106.41,1761.0,2,0,0
2013-07-11,821.0,0,104.77,1668.0,3,0,0
2013-07-12,752.0,0,105.85,1749.0,4,0,0
2013-07-13,890.0,0,105.85,1219.0,5,1,0
2013-07-14,259.0,0,105.85,434.0,6,1,0
2013-07-15,819.0,0,106.2,1781.0,0,0,0
2013-07-16,831.0,0,105.88,1904.0,1,0,0
2013-07-17,929.0,0,106.39,1846.0,2,0,0
2013-07-18,697.0,0,107.94,1700.0,3,0,0
2013-07-19,1152.0,0,108.0,1752.0,4,0,0
2013-07-20,974.0,0,108.0,1336.0,5,1,0
2013-07-21,279.0,0,108.0,448.0,6,1,0
2013-07-22,899.0,0,106.61,1753.0,0,0,0
2013-07-23,907.0,0,107.13,1794.0,1,0,0
2013-07-24,1066.0,0,105.41,1796.0,2,0,0
2013-07-25,911.0,0,105.47,1697.0,3,0,0
2013-07-26,1005.0,0,104.76,1808.0,4,0,0
2013-07-27,946.0,0,104.76,1247.0,5,1,0
2013-07-28,295.0,0,104.76,439.0,6,1,0
2013-07-29,1044.0,0,104.61,1802.0,0,0,0
2013-07-30,787.0,0,103.14,1741.0,1,0,0
2013-07-31,989.0,0,105.1,1828.0,2,0,0
2013-08-01,876.0,0,107.93,1767.0,3,0,0
2013-08-02,908.0,0,106.94,1748.0,4,0,0
2013-08-03,879.0,0,106.94,1290.0,5,1,0
2013-08-04,306.0,0,106.94,453.0,6,1,0
2013-08-05,845.0,0,106.61,1763.0,0,0,0
2013-08-06,886.0,0,105.32,1717.0,1,0,0
2013-08-07,866.0,0,104.41,1800.0,2,0,0
2013-08-08,859.0,0,103.45,1650.0,3,0,0
2013-08-09,924.0,0,106.04,1785.0,4,0,0
2013-08-10,565.0,0,106.04,832.0,5,1,1
2013-08-11,412.0,0,106.04,441.0,6,1,0
2013-08-12,860.0,0,106.19,1728.0,0,0,0
2013-08-13,706.0,0,106.78,1685.0,1,0,0
2013-08-14,821.0,0,106.89,1836.0,2,0,0
2013-08-15,737.0,0,107.43,1656.0,3,0,0
2013-08-16,1053.0,0,107.58,1817.0,4,0,0
2013-08-17,828.0,0,107.58,1203.0,5,1,0
2013-08-18,346.0,0,107.58,427.0,6,1,0
2013-08-19,824.0,0,107.14,1714.0,0,0,0
2013-08-20,721.0,0,104.9,1670.0,1,0,0
2013-08-21,827.0,0,103.93,1826.0,2,0,0
2013-08-22,744.0,0,104.93,1599.0,3,0,0
2013-08-23,885.0,0,106.48,1777.0,4,0,0
2013-08-24,757.0,0,106.48,1166.0,5,1,0
2013-08-25,316.0,0,106.48,457.0,6,1,0
2013-08-26,823.0,0,105.88,1722.0,0,0,0
2013-08-27,718.0,0,109.11,1677.0,1,0,0
2013-08-28,876.0,0,110.17,1831.0,2,0,0
2013-08-29,789.0,0,108.51,1647.0,3,0,0
2013-08-30,990.0,0,107.98,1808.0,4,0,0
2013-08-31,936.0,0,107.98,1297.0,5,1,0
2013-09-01,402.0,0,107.98,512.0,6,1,0
2013-09-02,852.0,0,107.98,1774.0,0,0,0
2013-09-03,1061.0,0,108.67,1762.0,1,0,0
2013-09-04,946.0,0,107.29,1867.0,2,0,0
2013-09-05,857.0,0,108.5,1719.0,3,0,0
2013-09-06,968.0,0,110.62,1839.0,4,0,0
2013-09-07,1088.0,0,110.62,1245.0,5,1,0
2013-09-08,343.0,0,110.62,456.0,6,1,0
2013-09-09,799.0,0,109.62,1781.0,0,0,0
2013-09-10,818.0,0,107.48,1678.0,1,0,0
2013-09-11,962.0,0,107.65,1828.0,2,0,0
2013-09-12,934.0,0,108.72,1776.0,3,0,0
2013-09-13,784.0,0,108.31,1759.0,4,0,0
2013-09-14,1180.0,0,108.31,1259.0,5,1,0
2013-09-15,447.0,0,108.31,500.0,6,1,0
2013-09-16,971.0,0,106.54,1778.0,0,0,0
2013-09-17,764.0,0,105.36,1716.0,1,0,0
2013-09-18,827.0,0,108.23,1882.0,2,0,0
2013-09-19,848.0,0,106.26,1685.0,3,0,0
2013-09-20,913.0,0,104.7,1701.0,4,0,0
2013-09-21,1034.0,0,104.7,1304.0,5,1,0
2013-09-22,469.0,0,104.7,479.0,6,1,0
2013-09-23,968.0,0,103.62,1707.0,0,0,0
2013-09-24,896.0,0,103.22,1780.0,1,0,0
2013-09-25,1058.0,0,102.68,1829.0,2,0,0
2013-09-26,1104.0,0,103.1,1681.0,3,0,0
2013-09-27,1025.0,0,102.86,1772.0,4,0,0
2013-09-28,1048.0,0,102.86,1286.0,5,1,0
2013-09-29,470.0,0,102.86,503.0,6,1,0
2013-09-30,1001.0,0,102.36,1682.0,0,0,0
2013-10-01,947.0,0,102.09,1744.0,1,0,0
2013-10-02,1285.0,0,104.15,1917.0,2,0,0
2013-10-03,842.0,0,103.29,1720.0,3,0,0
2013-10-04,1162.0,0,103.83,1839.0,4,0,0
2013-10-05,1068.0,0,103.83,1324.0,5,1,0
2013-10-06,393.0,0,103.83,504.0,6,1,0
2013-10-07,956.0,0,103.07,1759.0,0,0,0
2013-10-08,971.0,0,103.54,1721.0,1,0,0
2013-10-09,913.0,0,101.63,1788.0,2,0,0
2013-10-10,984.0,0,103.08,1692.0,3,0,0
2013-10-11,539.0,0,102.17,733.0,4,0,1
2013-10-12,752.0,0,102.17,949.0,5,1,0
2013-10-13,472.0,0,102.17,464.0,6,1,0
2013-10-14,926.0,0,102.46,1654.0,0,0,0
2013-10-15,725.0,0,101.15,1761.0,1,0,0
2013-10-16,884.0,0,102.34,1703.0,2,0,0
2013-10-17,897.0,0,100.72,1783.0,3,0,0
2013-10-18,932.0,0,100.87,1734.0,4,0,0
2013-10-19,981.0,0,100.87,1346.0,5,1,0
2013-10-20,455.0,0,100.87,500.0,6,1,0
2013-10-21,1030.0,0,99.28,1830.0,0,0,0
2013-10-22,801.0,0,97.63,1687.0,1,0,0
2013-10-23,835.0,0,96.9,1820.0,2,0,0
2013-10-24,816.0,0,96.65,1748.0,3,0,0
2013-10-25,900.0,0,97.4,1805.0,4,0,0
2013-10-26,967.0,0,97.4,1282.0,5,1,0
2013-10-27,424.0,0,97.4,549.0,6,1,0
2013-10-28,902.0,0,98.74,1788.0,0,0,0
2013-10-29,890.0,0,98.29,1710.0,1,0,0
2013-10-30,830.0,0,96.81,1815.0,2,0,0
2013-10-31,764.0,0,96.29,1755.0,3,0,0
2013-11-01,990.0,0,94.56,1878.0,4,0,0
2013-11-02,1030.0,0,94.56,1106.0,5,1,1
2013-11-03,441.0,0,94.56,515.0,6,1,1
2013-11-04,1002.0,0,94.58,1838.0,0,0,0
2013-11-05,853.0,0,93.4,1848.0,1,0,0
2013-11-06,1009.0,0,94.74,1797.0,2,0,0
2013-11-07,901.0,0,94.25,1724.0,3,0,0
2013-11-08,1088.0,0,94.56,1859.0,4,0,0
2013-11-09,940.0,0,94.56,1184.0,5,1,0
2013-11-10,430.0,0,94.56,561.0,6,1,0
2013-11-11,835.0,0,95.13,1862.0,0,0,0
2013-11-12,819.0,0,93.12,1814.0,1,0,0
2013-11-13,1148.0,0,93.91,1924.0,2,0,0
2013-11-14,922.0,0,93.76,1832.0,3,0,0
2013-11-15,899.0,0,93.8,1850.0,4,0,0
2013-11-16,971.0,0,93.8,1346.0,5,1,0
2013-11-17,363.0,0,93.8,512.0,6,1,0
2013-11-18,901.0,0,93.03,1881.0,0,0,0
2013-11-19,1019.0,0,93.35,1784.0,1,0,0
2013-11-20,1027.0,0,93.34,1947.0,2,0,0
2013-11-21,791.0,0,95.35,1753.0,3,0,0
2013-11-22,834.0,0,94.53,1799.0,4,0,0
2013-11-23,887.0,0,94.53,1229.0,5,1,0
2013-11-24,386.0,0,94.53,453.0,6,1,0
2013-11-25,939.0,0,93.86,1861.0,0,0,0
2013-11-26,860.0,0,93.41,1834.0,1,0,0
2013-11-27,1049.0,0,92.05,1911.0,2,0,0
2013-11-28,783.0,0,92.05,1828.0,3,0,0
2013-11-29,924.0,0,92.55,1781.0,4,0,0
2013-11-30,987.0,0,92.55,1272.0,5,1,0
2013-12-01,431.0,0,92.55,485.0,6,1,0
2013-12-02,991.0,0,93.61,1844.0,0,0,0
2013-12-03,982.0,0,95.83,1812.0,1,0,0
2013-12-04,1141.0,0,96.97,1995.0,2,0,0
2013-12-05,1008.0,0,97.14,1930.0,3,0,1
2013-12-06,332.0,0,97.48,506.0,4,0,1
2013-12-07,864.0,0,97.48,1140.0,5,1,0
2013-12-08,322.0,0,97.48,443.0,6,1,0
2013-12-09,971.0,0,97.1,1812.0,0,0,0
2013-12-10,1030.0,0,98.32,1992.0,1,0,0
2013-12-11,1085.0,0,97.25,2087.0,2,0,0
2013-12-12,1190.0,0,97.21,1945.0,3,0,0
2013-12-13,1143.0,0,96.27,2033.0,4,0,0
2013-12-14,1245.0,0,96.27,1507.0,5,1,0
2013-12-15,462.0,0,96.27,526.0,6,1,0
2013-12-16,1147.0,0,97.18,2161.0,0,0,0
2013-12-17,921.0,0,96.99,2136.0,1,0,0
2013-12-18,1122.0,0,97.59,2337.0,2,0,0
2013-12-19,1192.0,0,98.4,2425.0,3,0,0
2013-12-20,1169.0,0,99.11,2490.0,4,0,0
2013-12-21,1265.0,0,99.11,1738.0,5,1,1
2013-12-22,796.0,0,99.11,1093.0,6,1,1
2013-12-23,1464.0,0,98.62,2848.0,0,0,1
2013-12-24,1248.0,0,98.87,2844.0,1,0,1
2013-12-26,1009.0,0,99.18,1980.0,3,0,1
2013-12-27,1025.0,0,99.94,2022.0,4,0,0
2013-12-28,803.0,0,99.94,1070.0,5,1,0
2013-12-29,242.0,0,99.94,416.0,6,1,0
2013-12-30,1001.0,0,98.9,1388.0,0,0,0
2013-12-31,840.0,0,98.17,1105.0,1,0,1
2014-01-01,0.0,0,98.17,0.0,2,0,1
2014-01-02,2524.0,0,95.14,1875.0,3,0,0
2014-01-03,2192.0,0,93.66,1817.0,4,0,0
2014-01-04,2282.0,0,93.66,1294.0,5,1,0
2014-01-05,989.0,0,93.66,489.0,6,1,0
2014-01-06,2417.0,0,93.12,1754.0,0,0,0
2014-01-07,1963.0,0,93.31,1713.0,1,0,0
2014-01-08,2285.0,0,91.9,1955.0,2,0,0
2014-01-09,1982.0,0,91.36,1855.0,3,0,0
2014-01-10,2059.0,0,92.39,1837.0,4,0,0
2014-01-11,2152.0,0,92.39,1300.0,5,1,0
2014-01-12,998.0,0,92.39,531.0,6,1,0
2014-01-13,2275.0,0,91.45,1887.0,0,0,0
2014-01-14,1911.0,0,92.15,1738.0,1,0,0
2014-01-15,2503.0,0,93.78,1944.0,2,0,0
2014-01-16,1747.0,0,93.54,1819.0,3,0,0
2014-01-17,2085.0,0,93.96,1889.0,4,0,0
2014-01-18,2183.0,0,93.96,1329.0,5,1,0
2014-01-19,1039.0,0,93.96,504.0,6,1,0
2014-01-20,1834.0,0,93.96,1791.0,0,0,0
2014-01-21,2243.0,0,94.51,1872.0,1,0,0
2014-01-22,2168.0,0,96.35,1818.0,2,0,0
2014-01-23,1781.0,0,97.23,1744.0,3,0,0
2014-01-24,2246.0,0,96.66,1858.0,4,0,0
2014-01-25,1840.0,0,96.66,1234.0,5,1,0
2014-01-26,857.0,0,96.66,537.0,6,1,0
2014-01-27,2003.0,0,95.82,1765.0,0,0,0
2014-01-28,1852.0,0,97.49,1746.0,1,0,0
2014-01-29,1964.0,0,97.34,1903.0,2,0,0
2014-01-30,1788.0,0,98.25,1747.0,3,0,0
2014-01-31,2000.0,0,97.55,1872.0,4,0,0
2014-02-01,1216.0,0,97.55,1344.0,5,1,0
2014-02-02,401.0,0,97.55,502.0,6,1,0
2014-02-03,793.0,0,96.44,1898.0,0,0,0
2014-02-04,823.0,0,97.24,1781.0,1,0,0
2014-02-05,961.0,0,97.4,1909.0,2,0,0
2014-02-06,870.0,0,97.84,1749.0,3,0,0
2014-02-07,977.0,0,99.98,1812.0,4,0,0
2014-02-08,994.0,0,99.98,1335.0,5,1,0
2014-02-09,389.0,0,99.98,484.0,6,1,0
2014-02-10,815.0,0,100.12,1763.0,0,0,0
2014-02-11,1028.0,0,99.96,1768.0,1,0,0
2014-02-12,1078.0,0,100.38,1910.0,2,0,0
2014-02-13,1127.0,0,100.27,1910.0,3,0,0
2014-02-14,1160.0,0,100.31,2130.0,4,0,0
2014-02-15,1171.0,0,100.31,1333.0,5,1,0
2014-02-16,415.0,0,100.31,482.0,6,1,0
2014-02-17,919.0,0,100.31,1807.0,0,0,0
2014-02-18,972.0,0,102.54,1742.0,1,0,0
2014-02-19,1113.0,0,103.46,1918.0,2,0,0
2014-02-20,864.0,0,103.2,1738.0,3,0,0
2014-02-21,827.0,0,102.53,1701.0,4,0,0
2014-02-22,1070.0,0,102.53,1238.0,5,1,0
2014-02-23,444.0,0,102.53,463.0,6,1,0
2014-02-24,1092.0,0,103.17,1814.0,0,0,0
2014-02-25,998.0,0,102.2,1849.0,1,0,0
2014-02-26,892.0,0,102.93,1863.0,2,0,0
2014-02-27,763.0,0,102.68,1696.0,3,0,0
2014-02-28,977.0,0,102.88,1880.0,4,0,0
2014-03-01,1686.0,0,102.88,1111.0,5,1,0
2014-03-02,433.0,0,102.88,346.0,6,1,0
2014-03-03,621.0,0,105.34,400.0,0,0,1
2014-03-04,787.0,0,103.64,489.0,1,0,1
2014-03-05,2248.0,0,101.75,1905.0,2,0,0
2014-03-06,2140.0,0,101.82,1825.0,3,0,0
2014-03-07,2216.0,0,102.82,1827.0,4,0,0
2014-03-08,2087.0,0,102.82,1510.0,5,1,0
2014-03-09,1084.0,0,102.82,535.0,6,1,0
2014-03-10,2085.0,0,101.39,1756.0,0,0,0
2014-03-11,1905.0,0,100.29,1841.0,1,0,0
2014-03-12,2268.0,0,98.29,1886.0,2,0,0
2014-03-13,1732.0,0,98.57,1752.0,3,0,0
2014-03-14,2036.0,0,99.23,1814.0,4,0,0
2014-03-15,1948.0,0,99.23,1317.0,5,1,0
2014-03-16,1116.0,0,99.23,553.0,6,1,0
2014-03-17,2049.0,0,98.43,1837.0,0,0,0
2014-03-18,2009.0,0,100.08,1759.0,1,0,0
2014-03-19,2220.0,0,100.71,1896.0,2,0,0
2014-03-20,1730.0,0,99.68,1628.0,3,0,0
2014-03-21,2094.0,0,99.97,1903.0,4,0,0
2014-03-22,2199.0,0,99.97,1327.0,5,1,0
2014-03-23,929.0,0,99.97,523.0,6,1,0
2014-03-24,2110.0,0,100.05,1704.0,0,0,0
2014-03-25,2022.0,0,99.66,1863.0,1,0,0
2014-03-26,2084.0,0,100.61,1818.0,2,0,0
2014-03-27,1686.0,0,101.25,1683.0,3,0,0
2014-03-28,1942.0,0,101.73,1862.0,4,0,0
2014-03-29,2492.0,0,101.73,1274.0,5,1,0
2014-03-30,1059.0,0,101.73,505.0,6,1,0
2014-03-31,2071.0,0,101.57,1862.0,0,0,0
2014-04-01,1096.0,0,99.69,1847.0,1,0,0
2014-04-02,1340.0,0,99.6,1899.0,2,0,0
2014-04-03,940.0,0,100.29,1789.0,3,0,0
2014-04-04,1105.0,0,101.16,1875.0,4,0,0
2014-04-05,1191.0,0,101.16,1393.0,5,1,0
2014-04-06,559.0,0,101.16,529.0,6,1,0
2014-04-07,1209.0,0,100.43,1936.0,0,0,0
2014-04-08,892.0,0,102.57,1743.0,1,0,0
2014-04-09,1134.0,0,103.55,1940.0,2,0,0
2014-04-10,1035.0,0,103.37,1770.0,3,0,0
2014-04-11,1082.0,0,103.68,1866.0,4,0,0
2014-04-12,1036.0,0,103.68,1340.0,5,1,0
2014-04-13,436.0,0,103.68,463.0,6,1,0
2014-04-14,1056.0,0,104.05,1880.0,0,0,0
2014-04-15,1038.0,0,103.7,1794.0,1,0,0
2014-04-16,1074.0,0,103.71,1915.0,2,0,0
2014-04-17,972.0,0,104.33,1784.0,3,0,0
2014-04-18,370.0,0,104.33,507.0,4,0,1
2014-04-19,800.0,0,104.33,1038.0,5,1,0
2014-04-20,406.0,0,104.33,414.0,6,1,0
2014-04-21,1371.0,0,104.35,1776.0,0,0,0
2014-04-22,1079.0,0,101.69,1688.0,1,0,0
2014-04-23,1062.0,0,101.47,1935.0,2,0,0
2014-04-24,995.0,0,102.2,1787.0,3,0,0
2014-04-25,1190.0,0,100.85,1860.0,4,0,0
2014-04-26,1150.0,0,100.85,1234.0,5,1,0
2014-04-27,339.0,0,100.85,505.0,6,1,0
2014-04-28,995.0,0,101.13,1782.0,0,0,0
2014-04-29,872.0,0,101.56,1756.0,1,0,0
2014-04-30,1202.0,0,100.07,1990.0,2,0,0
2014-05-01,348.0,0,99.69,503.0,3,0,1
2014-05-02,1106.0,0,100.09,1805.0,4,0,0
2014-05-03,1172.0,0,100.09,1326.0,5,1,0
2014-05-04,491.0,0,100.09,473.0,6,1,0
2014-05-05,794.0,0,99.74,1460.0,0,0,0
2014-05-06,1046.0,0,99.81,1849.0,1,0,0
2014-05-07,1010.0,0,101.06,1912.0,2,0,0
2014-05-08,855.0,0,100.52,1727.0,3,0,0
2014-05-09,948.0,0,100.32,1998.0,4,0,0
2014-05-10,1178.0,0,100.32,1440.0,5,1,1
2014-05-11,442.0,0,100.32,595.0,6,1,1
2014-05-12,888.0,0,100.89,1768.0,0,0,0
2014-05-13,1122.0,0,102.01,1874.0,1,0,0
2014-05-14,1040.0,0,102.63,1861.0,2,0,0
2014-05-15,1016.0,0,101.74,1794.0,3,0,0
2014-05-16,1006.0,0,102.31,1797.0,4,0,0
2014-05-17,1093.0,0,102.31,1291.0,5,1,0
2014-05-18,385.0,0,102.31,470.0,6,1,0
2014-05-19,1052.0,0,102.95,1894.0,0,0,0
2014-05-20,944.0,0,102.8,1840.0,1,0,0
2014-05-21,1052.0,0,104.31,1932.0,2,0,0
2014-05-22,813.0,0,104.03,1701.0,3,0,0
2014-05-23,961.0,0,105.01,1726.0,4,0,0
2014-05-24,1119.0,0,105.01,1250.0,5,1,1
2014-05-25,496.0,0,105.01,499.0,6,1,0
2014-05-26,1085.0,0,105.01,1807.0,0,0,0
2014-05-27,795.0,0,104.78,1741.0,1,0,0
2014-05-28,1102.0,0,103.37,1903.0,2,0,0
2014-05-29,730.0,0,104.26,1752.0,3,0,0
2014-05-30,1046.0,0,103.4,1917.0,4,0,0
2014-05-31,1128.0,0,103.4,1320.0,5,1,0
2014-06-01,438.0,0,103.4,512.0,6,1,0
2014-06-02,977.0,0,103.07,1918.0,0,0,0
2014-06-03,979.0,0,103.34,1940.0,1,0,0
2014-06-04,1071.0,0,103.27,1930.0,2,0,0
2014-06-05,851.0,0,103.17,1725.0,3,0,0
2014-06-06,1066.0,0,103.32,1892.0,4,0,0
2014-06-07,990.0,0,103.32,1325.0,5,1,0
2014-06-08,327.0,0,103.32,432.0,6,1,0
2014-06-09,938.0,0,105.09,1786.0,0,0,0
2014-06-10,1100.0,0,105.02,1705.0,1,0,0
2014-06-11,1159.0,0,105.04,1872.0,2,0,0
2014-06-12,961.0,0,107.2,1734.0,3,0,1
2014-06-13,1023.0,0,107.49,1918.0,4,0,0
2014-06-14,1304.0,0,107.49,1447.0,5,1,0
2014-06-15,347.0,0,107.49,462.0,6,1,1
2014-06-16,1089.0,0,107.52,1801.0,0,0,0
2014-06-17,1056.0,0,106.95,1747.0,1,0,0
2014-06-18,1136.0,0,106.64,1798.0,2,0,0
2014-06-19,927.0,0,107.08,1713.0,3,0,0
2014-06-20,1294.0,0,107.95,1880.0,4,0,1
2014-06-21,1176.0,0,107.95,1269.0,5,1,0
2014-06-22,450.0,0,107.95,493.0,6,1,0
2014-06-23,1111.0,0,106.83,1823.0,0,0,0
2014-06-24,920.0,0,106.64,1734.0,1,0,0
2014-06-25,1202.0,0,107.04,1747.0,2,0,1
2014-06-26,1132.0,0,106.49,1707.0,3,0,0
2014-06-27,1152.0,0,106.46,1866.0,4,0,0
2014-06-28,1039.0,0,106.46,1300.0,5,1,1
2014-06-29,379.0,0,106.46,446.0,6,1,1
2014-06-30,1019.0,0,106.07,1758.0,0,0,1
2014-07-01,1868.0,0,106.06,1749.0,1,0,1
2014-07-02,2803.0,4,105.18,1962.0,2,0,0
2014-07-03,1992.0,4,104.76,1775.0,3,0,0
2014-07-04,2302.0,2,104.76,1918.0,4,0,1
2014-07-05,1919.0,2,104.76,1128.0,5,1,1
2014-07-06,903.0,2,104.76,499.0,6,1,0
2014-07-07,2161.0,2,104.19,1791.0,0,0,0
2014-07-08,1838.0,3,104.06,1812.0,1,0,1
2014-07-09,2232.0,3,102.93,1821.0,2,0,1
2014-07-10,1933.0,3,103.61,1665.0,3,0,0
2014-07-11,2132.0,3,101.48,1802.0,4,0,0
2014-07-12,2122.0,3,101.48,1211.0,5,1,1
2014-07-13,985.0,2,101.48,538.0,6,1,1
2014-07-14,2260.0,2,101.73,1880.0,0,0,0
2014-07-15,1910.0,1,100.56,1812.0,1,0,0
2014-07-16,2333.0,2,101.88,1817.0,2,0,0
2014-07-17,1736.0,0,103.84,1690.0,3,0,0
2014-07-18,2349.0,0,103.83,1781.0,4,0,0
2014-07-19,2178.0,0,103.83,1233.0,5,1,0
2014-07-20,768.0,0,103.83,457.0,6,1,0
2014-07-21,2229.0,0,105.34,1808.0,0,0,0
2014-07-22,1873.0,1,104.59,1761.0,1,0,0
2014-07-23,2026.0,0,103.81,1868.0,2,0,0
2014-07-24,1865.0,0,102.76,1679.0,3,0,0
2014-07-25,1920.0,0,105.23,1835.0,4,0,0
2014-07-26,2101.0,0,105.23,1236.0,5,1,0
2014-07-27,821.0,0,105.23,494.0,6,1,0
2014-07-28,1835.0,0,105.68,1902.0,0,0,0
2014-07-29,1933.0,0,104.91,1751.0,1,0,0
2014-07-30,2216.0,0,104.29,1845.0,2,0,0
2014-07-31,1810.0,0,98.23,1733.0,3,0,0
2014-08-01,1212.0,0,97.86,1930.0,4,0,0
2014-08-02,1067.0,0,97.86,1207.0,5,1,0
2014-08-03,363.0,0,97.86,459.0,6,1,0
2014-08-04,1241.0,1,98.26,1892.0,0,0,0
2014-08-05,956.0,1,97.34,1782.0,1,0,0
2014-08-06,964.0,0,96.93,1791.0,2,0,0
2014-08-07,991.0,0,97.34,1657.0,3,0,0
2014-08-08,1144.0,0,97.61,1835.0,4,0,0
2014-08-09,1177.0,3,97.61,1216.0,5,1,0
2014-08-10,397.0,2,97.61,477.0,6,1,1
2014-08-11,890.0,0,98.09,1824.0,0,0,0
2014-08-12,918.0,3,97.36,1701.0,1,0,0
2014-08-13,1212.0,1,97.57,1868.0,2,0,0
2014-08-14,1025.0,0,95.54,1720.0,3,0,0
2014-08-15,1247.0,1,97.3,1833.0,4,0,0
2014-08-16,1072.0,2,97.3,1257.0,5,1,0
2014-08-17,491.0,1,97.3,459.0,6,1,0
2014-08-18,920.0,1,96.44,1805.0,0,0,0
2014-08-19,883.0,2,94.35,1670.0,1,0,0
2014-08-20,1194.0,2,96.4,1788.0,2,0,0
2014-08-21,938.0,3,93.97,1685.0,3,0,0
2014-08-22,1111.0,2,93.61,1766.0,4,0,0
2014-08-23,934.0,2,93.61,1214.0,5,1,0
2014-08-24,382.0,1,93.61,494.0,6,1,0
2014-08-25,855.0,3,95.39,1789.0,0,0,0
2014-08-26,771.0,1,95.78,1745.0,1,0,0
2014-08-27,1096.0,1,95.82,1846.0,2,0,0
2014-08-28,827.0,0,96.44,1607.0,3,0,0
2014-08-29,1293.0,0,97.86,1852.0,4,0,0
2014-08-30,1173.0,0,97.86,1385.0,5,1,0
2014-08-31,441.0,0,97.86,512.0,6,1,0
2014-09-01,2193.0,1,97.86,1829.0,0,0,0
2014-09-02,2214.0,2,92.92,1792.0,1,0,0
2014-09-03,2182.0,3,95.5,1892.0,2,0,0
2014-09-04,1725.0,1,94.51,1721.0,3,0,0
2014-09-05,2349.0,1,93.32,1779.0,4,0,0
2014-09-06,2282.0,1,93.32,1315.0,5,1,0
2014-09-07,962.0,1,93.32,538.0,6,1,0
2014-09-08,2220.0,1,92.64,1923.0,0,0,0
2014-09-09,2062.0,1,92.73,1809.0,1,0,0
2014-09-10,2067.0,3,91.71,1889.0,2,0,0
2014-09-11,1829.0,2,92.89,1795.0,3,0,0
2014-09-12,2130.0,3,92.18,1793.0,4,0,0
2014-09-13,2221.0,3,92.18,1279.0,5,1,0
2014-09-14,1016.0,1,92.18,537.0,6,1,0
2014-09-15,1822.0,4,92.86,1764.0,0,0,0
2014-09-16,1868.0,3,94.91,1748.0,1,0,0
2014-09-17,2158.0,3,94.33,1804.0,2,0,0
2014-09-18,1831.0,5,93.07,1655.0,3,0,0
2014-09-19,1944.0,1,92.43,1628.0,4,0,0
2014-09-20,2285.0,3,92.43,1410.0,5,1,0
2014-09-21,1110.0,2,92.43,478.0,6,1,0
2014-09-22,1842.0,1,91.46,1726.0,0,0,0
2014-09-23,1907.0,1,91.55,1723.0,1,0,0
2014-09-24,2282.0,3,93.6,1895.0,2,0,0
2014-09-25,1887.0,2,93.59,1680.0,3,0,0
2014-09-26,1901.0,3,95.55,1715.0,4,0,0
2014-09-27,2387.0,2,95.55,1250.0,5,1,0
2014-09-28,913.0,1,95.55,528.0,6,1,0
2014-09-29,2015.0,1,94.53,1808.0,0,0,0
2014-09-30,2000.0,2,91.17,1711.0,1,0,0
2014-10-01,2913.0,3,90.74,1934.0,2,0,0
2014-10-02,2115.0,2,91.02,1752.0,3,0,0
2014-10-03,2369.0,3,89.76,1935.0,4,0,0
2014-10-04,2858.0,3,89.76,1380.0,5,1,0
2014-10-05,1159.0,1,89.76,527.0,6,1,0
2014-10-06,2157.0,4,90.33,1736.0,0,0,0
2014-10-07,1924.0,2,88.89,1761.0,1,0,0
2014-10-08,2207.0,1,87.29,1768.0,2,0,0
2014-10-09,1827.0,1,85.76,1777.0,3,0,0
2014-10-10,927.0,2,85.87,603.0,4,0,1
2014-10-11,1850.0,2,85.87,1106.0,5,1,0
2014-10-12,943.0,0,85.87,465.0,6,1,0
2014-10-13,2013.0,1,85.73,1801.0,0,0,0
2014-10-14,2457.0,5,81.72,1807.0,1,0,0
2014-10-15,2392.0,2,81.82,1872.0,2,0,0
2014-10-16,1860.0,1,82.33,1725.0,3,0,0
2014-10-17,1916.0,2,82.8,1741.0,4,0,0
2014-10-18,2455.0,1,82.8,1342.0,5,1,0
2014-10-19,1138.0,1,82.8,549.0,6,1,0
2014-10-20,1988.0,1,82.76,1785.0,0,0,0
2014-10-21,1876.0,2,83.25,1659.0,1,0,0
2014-10-22,2366.0,1,80.52,1742.0,2,0,0
2014-10-23,1534.0,2,82.81,1684.0,3,0,0
2014-10-24,1969.0,1,81.27,1708.0,4,0,0
2014-10-25,2069.0,1,81.27,1268.0,5,1,0
2014-10-26,1059.0,0,81.27,523.0,6,1,0
2014-10-27,1706.0,1,81.26,1646.0,0,0,0
2014-10-28,1688.0,2,81.36,1643.0,1,0,0
2014-10-29,2261.0,1,82.25,1857.0,2,0,0
2014-10-30,1995.0,0,81.06,1704.0,3,0,0
2014-10-31,1821.0,1,80.53,1735.0,4,0,0
2014-11-01,1690.0,0,80.53,1103.0,5,1,0
2014-11-02,710.0,1,80.53,407.0,6,1,1
2014-11-03,958.0,0,78.77,487.0,0,0,1
2014-11-04,1916.0,1,77.15,1670.0,1,0,0
2014-11-05,2500.0,1,78.71,1880.0,2,0,0
2014-11-06,1898.0,1,77.87,1731.0,3,0,0
2014-11-07,2122.0,5,78.71,1846.0,4,0,0
2014-11-08,2279.0,1,78.71,1307.0,5,1,0
2014-11-09,995.0,1,78.71,505.0,6,1,0
2014-11-10,1881.0,1,77.43,1713.0,0,0,0
2014-11-11,2195.0,1,77.85,1703.0,1,0,0
2014-11-12,2047.0,1,77.16,1882.0,2,0,0
2014-11-13,1901.0,1,74.13,1692.0,3,0,0
2014-11-14,1997.0,0,75.91,1805.0,4,0,0
2014-11-15,2301.0,1,75.91,1329.0,5,1,0
2014-11-16,1093.0,1,75.91,535.0,6,1,0
2014-11-17,2090.0,1,75.64,1776.0,0,0,0
2014-11-18,2075.0,1,74.55,1729.0,1,0,0
2014-11-19,2126.0,1,74.55,1805.0,2,0,0
2014-11-20,1844.0,2,75.63,1770.0,3,0,0
2014-11-21,1829.0,3,76.52,1762.0,4,0,0
2014-11-22,2111.0,2,76.52,1289.0,5,1,0
2014-11-23,964.0,1,76.52,566.0,6,1,0
2014-11-24,1844.0,3,75.74,1726.0,0,0,0
2014-11-25,1884.0,2,74.04,1789.0,1,0,0
2014-11-26,2371.0,1,73.7,1853.0,2,0,0
2014-11-27,1677.0,1,73.7,1713.0,3,0,0
2014-11-28,2014.0,2,65.94,1820.0,4,0,1
2014-11-29,2015.0,0,65.94,1304.0,5,1,0
2014-11-30,1010.0,0,65.94,540.0,6,1,0
2014-12-01,2254.0,0,68.98,1953.0,0,0,1
2014-12-02,2161.0,4,66.99,1819.0,1,0,0
2014-12-03,2380.0,0,67.3,1965.0,2,0,0
2014-12-04,2259.0,4,66.73,1875.0,3,0,0
2014-12-05,2083.0,1,65.89,2028.0,4,0,1
2014-12-06,1737.0,1,65.89,1065.0,5,1,1
2014-12-07,976.0,2,65.89,486.0,6,1,0
2014-12-08,2060.0,1,63.13,2006.0,0,0,0
2014-12-09,1992.0,1,63.74,1896.0,1,0,0
2014-12-10,2453.0,1,60.99,1972.0,2,0,0
2014-12-11,3366.0,0,60.01,1932.0,3,0,0
2014-12-12,2014.0,2,57.81,1951.0,4,0,0
2014-12-13,2255.0,3,57.81,1427.0,5,1,0
2014-12-14,1041.0,4,57.81,593.0,6,1,0
2014-12-15,2468.0,2,55.96,2008.0,0,0,0
2014-12-16,2381.0,0,55.97,2026.0,1,0,0
2014-12-17,2341.0,0,56.43,2347.0,2,0,0
2014-12-18,2003.0,1,54.18,2201.0,3,0,0
2014-12-19,2198.0,0,56.91,2310.0,4,0,0
2014-12-20,2472.0,3,56.91,1882.0,5,1,1
2014-12-21,1466.0,1,56.91,990.0,6,1,1
2014-12-22,2309.0,2,55.25,2594.0,0,0,1
2014-12-23,2256.0,13,56.78,2861.0,1,0,1
2014-12-24,2117.0,6,55.7,2800.0,2,0,1
2014-12-26,1764.0,4,54.59,1295.0,4,0,1
2014-12-27,1366.0,7,54.59,1031.0,5,1,0
2014-12-28,562.0,2,54.59,398.0,6,1,0
2014-12-29,1972.0,7,53.46,1789.0,0,0,0
2014-12-30,2067.0,5,54.14,2008.0,1,0,0
2014-12-31,1976.0,5,53.45,2024.0,2,0,1
2015-01-01,0.0,0,53.45,0.0,3,0,1
2015-01-02,794.0,1,52.72,1021.0,4,0,1
2015-01-03,938.0,1,52.72,1015.0,5,1,0
2015-01-04,574.0,2,52.72,484.0,6,1,0
2015-01-05,1299.0,2,50.05,1956.0,0,0,0
2015-01-06,1028.0,3,47.98,1890.0,1,0,0
2015-01-07,1165.0,2,48.69,1989.0,2,0,0
2015-01-08,971.0,1,48.8,1837.0,3,0,0
2015-01-09,1156.0,2,48.35,1925.0,4,0,0
2015-01-10,1395.0,0,48.35,1534.0,5,1,1
2015-01-11,524.0,0,48.35,507.0,6,1,0
2015-01-12,1235.0,0,46.06,1929.0,0,0,0
2015-01-13,1295.0,0,45.92,1877.0,1,0,0
2015-01-14,1200.0,2,48.49,1936.0,2,0,0
2015-01-15,925.0,1,46.37,1796.0,3,0,0
2015-01-16,1317.0,0,48.49,1713.0,4,0,0
2015-01-17,1500.0,0,48.49,1473.0,5,1,0
2015-01-18,516.0,0,48.49,517.0,6,1,0
2015-01-19,991.0,0,48.49,1955.0,0,0,0
2015-01-20,1003.0,0,46.79,1885.0,1,0,0
2015-01-21,993.0,0,47.85,1955.0,2,0,0
2015-01-22,942.0,0,45.93,1737.0,3,0,0
2015-01-23,1281.0,1,45.26,1885.0,4,0,0
2015-01-24,1136.0,1,45.26,1400.0,5,1,0
2015-01-25,387.0,1,45.26,516.0,6,1,0
2015-01-26,841.0,0,44.8,1864.0,0,0,0
2015-01-27,890.0,1,45.84,1738.0,1,0,0
2015-01-28,1156.0,0,44.08,1901.0,2,0,0
2015-01-29,1110.0,1,44.12,1781.0,3,0,0
2015-01-30,937.0,1,47.79,1888.0,4,0,0
2015-01-31,1314.0,1,47.79,1398.0,5,1,0
2015-02-01,596.0,1,47.79,502.0,6,1,0
2015-02-02,1177.0,1,49.25,1831.0,0,0,0
2015-02-03,1030.0,1,53.04,1844.0,1,0,0
2015-02-04,1082.0,3,48.45,1894.0,2,0,0
2015-02-05,935.0,1,50.48,1774.0,3,0,0
2015-02-06,1164.0,1,51.66,1865.0,4,0,0
2015-02-07,1132.0,1,51.66,1408.0,5,1,0
2015-02-08,469.0,1,51.66,490.0,6,1,0
2015-02-09,967.0,1,52.99,1792.0,0,0,0
2015-02-10,971.0,2,50.06,1790.0,1,0,0
2015-02-11,940.0,1,48.8,1914.0,2,0,0
2015-02-12,882.0,1,51.17,1816.0,3,0,0
2015-02-13,1089.0,2,52.66,2099.0,4,0,0
2015-02-14,890.0,1,52.66,1235.0,5,1,0
2015-02-15,325.0,1,52.66,378.0,6,1,0
2015-02-16,397.0,1,52.66,449.0,0,0,1
2015-02-17,318.0,0,53.56,486.0,1,0,1
2015-02-18,1103.0,1,52.13,1942.0,2,0,0
2015-02-19,685.0,0,51.12,1554.0,3,0,0
2015-02-20,1135.0,0,49.95,1866.0,4,0,0
2015-02-21,1235.0,0,49.95,1530.0,5,1,0
2015-02-22,490.0,0,49.95,524.0,6,1,0
2015-02-23,984.0,0,49.56,1763.0,0,0,0
2015-02-24,965.0,1,48.48,1756.0,1,0,0
2015-02-25,990.0,0,50.25,1923.0,2,0,0
2015-02-26,1007.0,0,47.65,1746.0,3,0,0
2015-02-27,1093.0,0,49.84,1877.0,4,0,0
2015-02-28,1096.0,0,49.84,1425.0,5,1,0
2015-03-01,533.0,0,49.84,522.0,6,1,0
2015-03-02,1032.0,1,49.59,1823.0,0,0,0
2015-03-03,1338.0,2,50.43,1791.0,1,0,0
2015-03-04,1155.0,1,51.53,1918.0,2,0,0
2015-03-05,1032.0,0,50.76,1734.0,3,0,0
2015-03-06,1043.0,0,49.61,1865.0,4,0,0
2015-03-07,1304.0,0,49.61,1468.0,5,1,0
2015-03-08,470.0,0,49.61,506.0,6,1,0
2015-03-09,1296.0,0,49.95,1883.0,0,0,0
2015-03-10,1300.0,0,48.42,1829.0,1,0,0
2015-03-11,1241.0,0,48.06,1893.0,2,0,0
2015-03-12,988.0,0,47.12,1758.0,3,0,0
2015-03-13,1545.0,0,44.88,1869.0,4,0,0
2015-03-14,1198.0,0,44.88,1377.0,5,1,0
2015-03-15,532.0,0,44.88,502.0,6,1,0
2015-03-16,1107.0,1,43.93,1833.0,0,0,0
2015-03-17,1034.0,0,43.39,1713.0,1,0,0
2015-03-18,812.0,0,44.63,1780.0,2,0,0
2015-03-19,867.0,0,44.02,1700.0,3,0,0
2015-03-20,1185.0,0,46.0,1821.0,4,0,0
2015-03-21,1172.0,0,46.0,1361.0,5,1,0
2015-03-22,459.0,0,46.0,534.0,6,1,0
2015-03-23,1018.0,0,47.4,1805.0,0,0,0
2015-03-24,859.0,0,47.03,1726.0,1,0,0
2015-03-25,956.0,0,48.75,1890.0,2,0,0
2015-03-26,748.0,0,51.41,1607.0,3,0,0
2015-03-27,1167.0,1,48.83,1895.0,4,0,0
2015-03-28,1231.0,0,48.83,1279.0,5,1,0
2015-03-29,462.0,1,48.83,458.0,6,1,0
2015-03-30,760.0,0,48.66,1753.0,0,0,0
2015-03-31,870.0,1,47.72,1901.0,1,0,0
2015-04-01,1057.0,1,50.12,1988.0,2,0,0
2015-04-02,972.0,0,49.13,1816.0,3,0,0
2015-04-03,358.0,0,49.13,492.0,4,0,1
2015-04-04,947.0,2,49.13,1151.0,5,1,0
2015-04-05,453.0,0,49.13,461.0,6,1,0
2015-04-06,1111.0,0,52.08,1815.0,0,0,0
2015-04-07,1222.0,1,53.95,1862.0,1,0,0
2015-04-08,1316.0,0,50.44,1839.0,2,0,0
2015-04-09,1076.0,1,50.79,1766.0,3,0,0
2015-04-10,1143.0,1,51.63,1897.0,4,0,0
2015-04-11,1268.0,1,51.63,1386.0,5,1,0
2015-04-12,429.0,1,51.63,493.0,6,1,0
2015-04-13,1043.0,1,51.95,1846.0,0,0,0
2015-04-14,930.0,1,53.3,1680.0,1,0,0
2015-04-15,968.0,1,56.25,1862.0,2,0,0
2015-04-16,912.0,2,56.69,1785.0,3,0,0
2015-04-17,975.0,1,55.71,1727.0,4,0,0
2015-04-18,1234.0,2,55.71,1414.0,5,1,0
2015-04-19,461.0,2,55.71,524.0,6,1,0
2015-04-20,970.0,1,56.37,1887.0,0,0,0
2015-04-21,1114.0,1,55.58,1780.0,1,0,0
2015-04-22,1134.0,1,56.17,1894.0,2,0,0
2015-04-23,1066.0,1,56.59,1798.0,3,0,0
2015-04-24,1195.0,2,55.98,1904.0,4,0,0
2015-04-25,1249.0,4,55.98,1344.0,5,1,0
2015-04-26,560.0,3,55.98,513.0,6,1,0
2015-04-27,1125.0,2,55.56,1822.0,0,0,0
2015-04-28,1106.0,2,57.05,1759.0,1,0,0
2015-04-29,930.0,2,58.55,1845.0,2,0,0
2015-04-30,1291.0,1,59.62,1789.0,3,0,0
2015-05-01,363.0,1,59.1,476.0,4,0,1
2015-05-02,1245.0,1,59.1,1221.0,5,1,0
2015-05-03,469.0,1,59.1,477.0,6,1,0
2015-05-04,1077.0,2,58.92,1810.0,0,0,0
2015-05-05,1106.0,2,60.38,1819.0,1,0,0
2015-05-06,1095.0,3,60.93,1973.0,2,0,0
2015-05-07,1045.0,2,58.99,1837.0,3,0,0
2015-05-08,1260.0,1,59.41,2087.0,4,0,0
2015-05-09,1410.0,3,59.41,1532.0,5,1,1
2015-05-10,450.0,1,59.41,597.0,6,1,1
2015-05-11,1393.0,4,59.23,1917.0,0,0,0
2015-05-12,1522.0,2,60.72,1849.0,1,0,0
2015-05-13,1600.0,2,60.5,1910.0,2,0,0
2015-05-14,1258.0,1,59.89,1764.0,3,0,0
2015-05-15,1393.0,1,59.73,1785.0,4,0,0
2015-05-16,1487.0,1,59.73,1285.0,5,1,0
2015-05-17,567.0,0,59.73,500.0,6,1,0
2015-05-18,1310.0,0,59.44,1884.0,0,0,0
2015-05-19,1421.0,2,57.3,1747.0,1,0,0
2015-05-20,1518.0,2,58.96,1928.0,2,0,0
2015-05-21,1278.0,0,60.18,1738.0,3,0,0
2015-05-22,1484.0,1,58.88,1878.0,4,0,0
2015-05-23,1385.0,0,58.88,1264.0,5,1,0
2015-05-24,700.0,2,58.88,524.0,6,1,1
2015-05-25,1912.0,0,58.88,1853.0,0,0,0
2015-05-26,2103.0,2,57.29,1778.0,1,0,0
2015-05-27,2331.0,6,57.51,1897.0,2,0,0
2015-05-28,1840.0,2,57.69,1737.0,3,0,0
2015-05-29,2194.0,1,60.25,1932.0,4,0,0
2015-05-30,2356.0,0,60.25,1334.0,5,1,0
2015-05-31,1104.0,2,60.25,505.0,6,1,0
2015-06-01,2210.0,0,60.24,1861.0,0,0,0
2015-06-02,2439.0,1,61.3,1852.0,1,0,0
2015-06-03,2835.0,2,59.67,1964.0,2,0,0
2015-06-04,1875.0,0,58.0,1871.0,3,0,0
2015-06-05,2432.0,2,59.11,1921.0,4,0,0
2015-06-06,2461.0,7,59.11,1397.0,5,1,0
2015-06-07,863.0,2,59.11,475.0,6,1,0
2015-06-08,2320.0,1,58.15,1821.0,0,0,0
2015-06-09,1928.0,5,60.15,1773.0,1,0,0
2015-06-10,1967.0,4,61.36,1852.0,2,0,0
2015-06-11,1951.0,2,60.74,1789.0,3,0,0
2015-06-12,1997.0,4,59.96,1849.0,4,0,0
2015-06-13,2483.0,5,59.96,1282.0,5,1,0
2015-06-14,1180.0,0,59.96,524.0,6,1,0
2015-06-15,2175.0,2,59.53,1800.0,0,0,0
2015-06-16,2173.0,3,60.01,1835.0,1,0,0
2015-06-17,2473.0,2,59.89,1888.0,2,0,0
2015-06-18,1801.0,3,60.41,1831.0,3,0,0
2015-06-19,2327.0,0,59.62,1872.0,4,0,0
2015-06-20,2623.0,8,59.62,1391.0,5,1,0
2015-06-21,854.0,2,59.62,518.0,6,1,0
2015-06-22,2345.0,2,60.01,1824.0,0,0,0
2015-06-23,2145.0,1,61.05,1792.0,1,0,0
2015-06-24,2226.0,7,60.01,1792.0,2,0,0
2015-06-25,1850.0,1,59.59,1708.0,3,0,0
2015-06-26,2187.0,2,59.41,1829.0,4,0,0
2015-06-27,2327.0,1,59.41,1301.0,5,1,0
2015-06-28,1178.0,1,59.41,539.0,6,1,0
2015-06-29,2243.0,1,58.34,1838.0,0,0,0
2015-06-30,2177.0,2,59.48,1881.0,1,0,0
2015-07-01,2638.0,2,56.94,1947.0,2,0,0
2015-07-02,2259.0,3,56.93,1846.0,3,0,0
2015-07-03,3064.0,2,56.93,2012.0,4,0,0
2015-07-04,2160.0,3,56.93,1264.0,5,1,0
2015-07-05,852.0,3,56.93,514.0,6,1,0
2015-07-06,1628.0,2,52.48,1338.0,0,0,0
2015-07-07,0.0,0,52.33,0.0,1,0,0
2015-07-08,2265.0,3,51.61,2015.0,2,0,0
2015-07-09,2300.0,4,52.76,1983.0,3,0,0
2015-07-10,2277.0,2,52.74,1980.0,4,0,0
2015-07-11,2402.0,3,52.74,1500.0,5,1,0
2015-07-12,827.0,2,52.74,492.0,6,1,0
2015-07-13,2105.0,6,52.19,1930.0,0,0,0
2015-07-14,1911.0,4,53.05,1837.0,1,0,0
2015-07-15,2270.0,4,51.4,1925.0,2,0,0
2015-07-16,1950.0,5,50.9,1774.0,3,0,0
2015-07-17,2445.0,3,50.88,1830.0,4,0,0
2015-07-18,2019.0,3,50.88,1156.0,5,1,0
2015-07-19,733.0,0,50.88,436.0,6,1,0
2015-07-20,1868.0,9,50.11,1861.0,0,0,0
2015-07-21,1759.0,8,50.59,1734.0,1,0,0
2015-07-22,1789.0,7,49.27,1810.0,2,0,0
2015-07-23,1799.0,6,48.11,1688.0,3,0,0
2015-07-24,2137.0,7,47.98,1820.0,4,0,0
2015-07-25,1840.0,10,47.98,1192.0,5,1,0
2015-07-26,842.0,7,47.98,498.0,6,1,0
2015-07-27,2029.0,8,47.17,1703.0,0,0,0
2015-07-28,2033.0,8,47.97,1756.0,1,0,0
2015-07-29,2023.0,7,48.77,1815.0,2,0,0
2015-07-30,1553.0,8,48.53,1687.0,3,0,0
2015-07-31,2012.0,6,47.11,1847.0,4,0,0
2015-08-01,2191.0,2,47.11,1287.0,5,1,0
2015-08-02,835.0,3,47.11,503.0,6,1,0
2015-08-03,2137.0,2,45.25,1882.0,0,0,0
2015-08-04,2198.0,2,45.75,1857.0,1,0,0
2015-08-05,2344.0,3,45.13,1857.0,2,0,0
2015-08-06,1781.0,4,44.69,1785.0,3,0,0
2015-08-07,2070.0,7,43.87,1869.0,4,0,0
2015-08-08,1651.0,2,43.87,1087.0,5,1,0
2015-08-09,693.0,3,43.87,376.0,6,1,0
2015-08-10,713.0,4,44.94,477.0,0,0,1
2015-08-11,2105.0,7,43.11,1802.0,1,0,0
2015-08-12,2176.0,7,43.22,1827.0,2,0,0
2015-08-13,1809.0,4,42.27,1499.0,3,0,0
2015-08-14,3166.0,6,42.45,1882.0,4,0,0
2015-08-15,2845.0,5,42.45,1379.0,5,1,0
2015-08-16,813.0,3,42.45,456.0,6,1,0
2015-08-17,2194.0,4,41.93,1683.0,0,0,0
2015-08-18,2111.0,5,42.58,1811.0,1,0,0
2015-08-19,2001.0,5,40.75,1844.0,2,0,0
2015-08-20,1852.0,6,41.0,1752.0,3,0,0
2015-08-21,2047.0,9,40.45,1794.0,4,0,0
2015-08-22,1935.0,9,40.45,1209.0,5,1,0
2015-08-23,721.0,5,40.45,427.0,6,1,0
2015-08-24,1884.0,7,38.22,1801.0,0,0,0
2015-08-25,1911.0,6,39.15,1749.0,1,0,0
2015-08-26,2244.0,8,38.5,1740.0,2,0,0
2015-08-27,1936.0,8,42.47,1679.0,3,0,0
2015-08-28,2164.0,7,45.29,1832.0,4,0,0
2015-08-29,2137.0,9,45.29,1253.0,5,1,0
2015-08-30,855.0,5,45.29,472.0,6,1,0
2015-08-31,2030.0,7,49.2,1785.0,0,0,0
2015-09-01,2397.0,7,45.38,1769.0,1,0,0
2015-09-02,2708.0,8,46.3,1892.0,2,0,0
2015-09-03,2302.0,3,46.75,1744.0,3,0,0
2015-09-04,2503.0,2,46.02,1771.0,4,0,0
2015-09-05,2553.0,3,46.02,1265.0,5,1,0
2015-09-06,902.0,2,46.02,521.0,6,1,0
2015-09-07,2205.0,4,46.02,1767.0,0,0,0
2015-09-08,2093.0,5,45.92,1773.0,1,0,0
2015-09-09,2687.0,5,44.13,1822.0,2,0,0
2015-09-10,2008.0,6,45.85,1670.0,3,0,0
2015-09-11,2509.0,8,44.75,1881.0,4,0,0
2015-09-12,2476.0,10,44.75,1264.0,5,1,0
2015-09-13,991.0,4,44.75,459.0,6,1,0
2015-09-14,2398.0,6,44.07,1762.0,0,0,0
2015-09-15,1941.0,7,44.58,1631.0,1,0,0
2015-09-16,2375.0,5,47.12,1789.0,2,0,0
2015-09-17,2144.0,7,46.93,1672.0,3,0,0
2015-09-18,2573.0,10,44.71,1823.0,4,0,0
2015-09-19,2475.0,5,44.71,1349.0,5,1,0
2015-09-20,1100.0,11,44.71,494.0,6,1,0
2015-09-21,2206.0,6,46.67,1756.0,0,0,0
2015-09-22,2165.0,10,46.17,1770.0,1,0,0
2015-09-23,2095.0,7,44.53,1844.0,2,0,0
2015-09-24,2026.0,7,44.94,1747.0,3,0,0
2015-09-25,2305.0,9,45.55,1819.0,4,0,0
2015-09-26,2730.0,8,45.55,1297.0,5,1,0
2015-09-27,1115.0,7,45.55,541.0,6,1,0
2015-09-28,2216.0,7,44.4,1772.0,0,0,0
2015-09-29,2035.0,5,45.24,1733.0,1,0,0
2015-09-30,2408.0,11,45.06,1785.0,2,0,0
2015-10-01,2081.0,0,44.75,1646.0,3,0,0
2015-10-02,2286.0,1,45.54,1856.0,4,0,0
2015-10-03,2809.0,5,45.54,1346.0,5,1,0
2015-10-04,1140.0,1,45.54,534.0,6,1,0
2015-10-05,2482.0,4,46.28,1697.0,0,0,0
2015-10-06,2094.0,3,48.53,1749.0,1,0,0
2015-10-07,2171.0,3,47.86,1815.0,2,0,0
2015-10-08,1890.0,6,49.46,1732.0,3,0,0
2015-10-09,915.0,2,49.67,570.0,4,0,1
2015-10-10,1972.0,5,49.67,1105.0,5,1,0
2015-10-11,819.0,8,49.67,488.0,6,1,0
2015-10-12,2151.0,5,47.09,1730.0,0,0,0
2015-10-13,1818.0,2,46.7,1659.0,1,0,0
2015-10-14,2093.0,6,46.63,1746.0,2,0,0
2015-10-15,1754.0,8,46.38,1725.0,3,0,0
2015-10-16,2410.0,7,47.3,1873.0,4,0,0
2015-10-17,2478.0,7,47.3,1371.0,5,1,0
2015-10-18,1307.0,5,47.3,590.0,6,1,0
2015-10-19,2189.0,6,45.91,1798.0,0,0,0
2015-10-20,1970.0,2,45.84,1728.0,1,0,0
2015-10-21,1862.0,5,45.22,1853.0,2,0,0
2015-10-22,1851.0,3,44.9,1654.0,3,0,0
2015-10-23,2262.0,1,43.91,1805.0,4,0,0
2015-10-24,2290.0,2,43.91,1270.0,5,1,0
2015-10-25,1015.0,3,43.91,573.0,6,1,0
2015-10-26,2080.0,2,43.19,1741.0,0,0,0
2015-10-27,1872.0,0,43.21,1749.0,1,0,0
2015-10-28,1940.0,2,45.93,1784.0,2,0,0
2015-10-29,1766.0,7,46.02,1658.0,3,0,0
2015-10-30,2162.0,15,46.6,1871.0,4,0,0
2015-10-31,1918.0,13,46.6,1119.0,5,1,0
2015-11-01,605.0,9,46.6,369.0,6,1,0
2015-11-02,559.0,8,46.12,423.0,0,0,1
2015-11-03,887.0,10,47.88,499.0,1,0,1
2015-11-04,2592.0,21,46.32,1846.0,2,0,0
2015-11-05,1855.0,14,45.27,1720.0,3,0,0
2015-11-06,2093.0,21,44.32,1765.0,4,0,0
2015-11-07,2149.0,12,44.32,1281.0,5,1,0
2015-11-08,1164.0,12,44.32,546.0,6,1,0
2015-11-09,2024.0,16,43.87,1744.0,0,0,0
2015-11-10,1857.0,17,44.23,1780.0,1,0,0
2015-11-11,2369.0,15,42.95,1872.0,2,0,0
2015-11-12,1822.0,16,41.74,1829.0,3,0,0
2015-11-13,2147.0,18,40.69,1789.0,4,0,0
2015-11-14,2211.0,21,40.69,1343.0,5,1,0
2015-11-15,1071.0,14,40.69,502.0,6,1,0
2015-11-16,2092.0,18,41.68,1787.0,0,0,0
2015-11-17,1927.0,18,40.73,1727.0,1,0,0
2015-11-18,2072.0,23,40.75,1825.0,2,0,0
2015-11-19,2039.0,15,40.55,1810.0,3,0,0
2015-11-20,2192.0,18,39.39,1817.0,4,0,0
2015-11-21,2154.0,26,39.39,1321.0,5,1,0
2015-11-22,1077.0,7,39.39,531.0,6,1,0
2015-11-23,2106.0,14,39.27,1858.0,0,0,0
2015-11-24,2066.0,16,40.89,1789.0,1,0,0
2015-11-25,2142.0,21,41.22,1805.0,2,0,0
2015-11-26,1920.0,11,41.22,1746.0,3,0,0
2015-11-27,2099.0,15,40.57,1862.0,4,0,1
2015-11-28,2107.0,10,40.57,1258.0,5,1,0
2015-11-29,1070.0,12,40.57,509.0,6,1,0
2015-11-30,2342.0,13,40.43,1943.0,0,0,1
2015-12-01,2462.0,20,40.58,1905.0,1,0,0
2015-12-02,2520.0,19,39.93,1994.0,2,0,0
2015-12-03,2186.0,12,41.08,1925.0,3,0,0
2015-12-04,2441.0,12,40.0,2083.0,4,0,0
2015-12-05,2306.0,10,40.0,1294.0,5,1,1
2015-12-06,1116.0,13,40.0,532.0,6,1,1
2015-12-07,2385.0,16,37.64,1945.0,0,0,0
2015-12-08,2189.0,17,37.46,1863.0,1,0,0
2015-12-09,2389.0,14,37.16,1988.0,2,0,0
2015-12-10,2259.0,15,36.76,1900.0,3,0,0
2015-12-11,2236.0,21,35.65,2035.0,4,0,0
2015-12-12,2235.0,17,35.65,1463.0,5,1,0
2015-12-13,1143.0,7,35.65,557.0,6,1,0
2015-12-14,2291.0,11,36.31,1995.0,0,0,0
2015-12-15,1881.0,17,37.32,2025.0,1,0,0
2015-12-16,2482.0,18,35.55,2241.0,2,0,0
2015-12-17,1958.0,15,34.98,2169.0,3,0,0
2015-12-18,2282.0,18,34.72,2252.0,4,0,0
2015-12-19,2545.0,19,34.72,1625.0,5,1,0
2015-12-20,1276.0,13,34.72,860.0,6,1,0
2015-12-21,2518.0,15,34.55,2364.0,0,0,1
2015-12-22,2344.0,18,36.12,2612.0,1,0,1
2015-12-23,2631.0,20,36.76,2833.0,2,0,1
2015-12-24,2221.0,15,37.62,2775.0,3,0,1
2015-12-26,1696.0,17,37.62,1149.0,5,1,1
2015-12-27,693.0,5,37.62,395.0,6,1,0
2015-12-28,1842.0,14,36.36,1775.0,0,0,0
2015-12-29,1868.0,10,37.88,1761.0,1,0,0
2015-12-30,2659.0,17,36.59,2091.0,2,0,0
2015-12-31,2179.0,17,37.13,2025.0,3,0,1
2016-01-01,0.0,0,37.13,0.0,4,0,1
2016-01-02,1856.0,7,37.13,0.0,5,1,0
2016-01-03,1048.0,1,37.13,0.0,6,1,0
2016-01-04,3005.0,3,36.81,10.0,0,0,0
2016-01-05,2374.0,9,35.97,1840.0,1,0,0
2016-01-06,2799.0,5,33.97,1996.0,2,0,0
2016-01-07,2248.0,0,33.29,1822.0,3,0,0
2016-01-08,2208.0,1,33.2,1823.0,4,0,0
2016-01-09,2360.0,0,33.2,1331.0,5,1,0
2016-01-10,991.0,4,33.2,507.0,6,1,0
2016-01-11,2001.0,1,31.42,1767.0,0,0,0
2016-01-12,2339.0,4,30.42,1744.0,1,0,0
2016-01-13,2141.0,4,30.42,1729.0,2,0,0
2016-01-14,2422.0,4,31.22,1782.0,3,0,0
2016-01-15,2100.0,2,29.45,1872.0,4,0,0
2016-01-16,2457.0,3,29.45,1329.0,5,1,0
2016-01-17,1173.0,3,29.45,513.0,6,1,0
2016-01-18,2399.0,1,29.45,1854.0,0,0,0
2016-01-19,1997.0,3,28.47,1718.0,1,0,0
2016-01-20,2376.0,5,26.68,1885.0,2,0,0
2016-01-21,1771.0,0,29.55,1667.0,3,0,0
2016-01-22,2071.0,0,32.07,1763.0,4,0,0
2016-01-23,2209.0,0,32.07,1322.0,5,1,0
2016-01-24,956.0,0,32.07,541.0,6,1,0
2016-01-25,2047.0,0,30.31,1726.0,0,0,0
2016-01-26,1882.0,2,29.54,1765.0,1,0,0
2016-01-27,2131.0,2,32.32,1884.0,2,0,0
2016-01-28,1751.0,23,33.21,1753.0,3,0,0
2016-01-29,2391.0,24,33.66,1761.0,4,0,0
2016-01-30,2340.0,25,33.66,1339.0,5,1,0
2016-01-31,1023.0,17,33.66,529.0,6,1,0
2016-02-01,2450.0,25,31.62,1787.0,0,0,0
2016-02-02,1965.0,30,29.9,1782.0,1,0,0
2016-02-03,2769.0,30,32.29,1878.0,2,0,0
2016-02-04,2083.0,29,31.63,1811.0,3,0,0
2016-02-05,2028.0,31,30.86,1934.0,4,0,0
2016-02-06,2012.0,34,30.86,1190.0,5,1,0
2016-02-07,639.0,17,30.86,401.0,6,1,0
2016-02-08,531.0,17,29.71,417.0,0,0,1
2016-02-09,742.0,20,27.96,502.0,1,0,1
2016-02-10,2247.0,30,27.54,1859.0,2,0,0
2016-02-11,2085.0,31,26.19,1679.0,3,0,0
2016-02-12,2522.0,28,29.32,1934.0,4,0,0
2016-02-13,2281.0,28,29.32,1561.0,5,1,0
2016-02-14,974.0,22,29.32,558.0,6,1,0
2016-02-15,2239.0,27,29.32,1810.0,0,0,0
2016-02-16,2539.0,7,29.05,1671.0,1,0,0
2016-02-17,2313.0,7,30.68,1888.0,2,0,0
2016-02-18,2012.0,5,30.77,1746.0,3,0,0
2016-02-19,2371.0,6,29.59,1856.0,4,0,0
2016-02-20,2760.0,8,29.59,1553.0,5,1,0
2016-02-21,1211.0,5,29.59,506.0,6,1,0
2016-02-22,2353.0,7,31.37,1758.0,0,0,0
2016-02-23,2115.0,5,31.84,1768.0,1,0,0
2016-02-24,2097.0,7,30.35,1833.0,2,0,0
2016-02-25,1854.0,7,31.4,1689.0,3,0,0
2016-02-26,2171.0,51,31.65,1774.0,4,0,0
2016-02-27,2471.0,56,31.65,1314.0,5,1,0
2016-02-28,904.0,44,31.65,463.0,6,1,0
2016-02-29,2282.0,19,32.74,1731.0,0,0,0
2016-03-01,2371.0,15,34.39,1751.0,1,0,0
2016-03-02,2432.0,15,34.57,1914.0,2,0,0
2016-03-03,2013.0,16,34.56,1728.0,3,0,0
2016-03-04,2342.0,16,35.91,1781.0,4,0,0
2016-03-05,2562.0,17,35.91,1349.0,5,1,0
2016-03-06,1048.0,11,35.91,541.0,6,1,0
2016-03-07,2165.0,11,37.9,1762.0,0,0,0
2016-03-08,2027.0,0,36.67,1820.0,1,0,0
2016-03-09,2224.0,10,37.62,1768.0,2,0,0
2016-03-10,1897.0,9,37.77,1700.0,3,0,0
2016-03-11,2208.0,13,38.51,1833.0,4,0,0
2016-03-12,2362.0,11,38.51,1354.0,5,1,0
2016-03-13,970.0,7,38.51,491.0,6,1,0
2016-03-14,2238.0,13,37.2,1761.0,0,0,0
2016-03-15,2049.0,16,36.32,1642.0,1,0,0
2016-03-16,2329.0,10,38.43,1851.0,2,0,0
2016-03-17,2101.0,10,40.17,1660.0,3,0,0
2016-03-18,2224.0,8,39.47,1861.0,4,0,0
2016-03-19,2302.0,7,39.47,1362.0,5,1,0
2016-03-20,1067.0,3,39.47,498.0,6,1,0
2016-03-21,2149.0,3,39.91,1767.0,0,0,0
2016-03-22,1991.0,6,41.45,1687.0,1,0,0
2016-03-23,2208.0,6,38.28,1799.0,2,0,0
2016-03-24,2653.0,7,38.14,1822.0,3,0,0
2016-03-25,899.0,4,38.14,521.0,4,0,1
2016-03-26,1723.0,8,38.14,1041.0,5,1,0
2016-03-27,862.0,1,38.14,475.0,6,1,0
2016-03-28,1986.0,6,37.99,1594.0,0,0,0
2016-03-29,2223.0,5,36.91,1743.0,1,0,0
2016-03-30,2163.0,6,36.91,1654.0,2,0,0
2016-03-31,2051.0,6,36.94,1714.0,3,0,0
2016-04-01,2274.0,8,35.36,1797.0,4,0,0
2016-04-02,2317.0,2,35.36,1295.0,5,1,0
2016-04-03,1112.0,2,35.36,598.0,6,1,0
2016-04-04,2067.0,4,34.3,1721.0,0,0,0
2016-04-05,1897.0,5,34.52,1753.0,1,0,0
2016-04-06,2196.0,6,37.74,1764.0,2,0,0
2016-04-07,2041.0,31,37.3,1708.0,3,0,0
2016-04-08,2262.0,41,39.74,1763.0,4,0,0
2016-04-09,2227.0,42,39.74,1277.0,5,1,0
2016-04-10,1059.0,30,39.74,534.0,6,1,0
2016-04-11,2177.0,38,40.46,1656.0,0,0,0
2016-04-12,1745.0,35,42.12,1768.0,1,0,0
2016-04-13,2342.0,47,41.7,1826.0,2,0,0
2016-04-14,1835.0,5,41.45,1662.0,3,0,0
2016-04-15,2009.0,2,40.4,1771.0,4,0,0
2016-04-16,2073.0,5,40.4,1333.0,5,1,1
2016-04-17,1717.0,3,40.4,575.0,6,1,1
2016-04-18,4155.0,1,39.74,2133.0,0,0,1
2016-04-19,5051.0,5,40.88,2079.0,1,0,1
2016-04-20,4239.0,19,42.72,2073.0,2,0,1
2016-04-21,2872.0,18,43.18,1852.0,3,0,1
2016-04-22,2940.0,19,42.76,1916.0,4,0,1
2016-04-23,2283.0,15,42.76,1357.0,5,1,1
2016-04-24,1279.0,23,42.76,513.0,6,1,1
2016-04-25,1928.0,18,41.67,1624.0,0,0,1
2016-04-26,2016.0,13,42.52,1727.0,1,0,1
2016-04-27,2347.0,19,45.29,1761.0,2,0,1
2016-04-28,2074.0,19,46.03,1718.0,3,0,1
2016-04-29,2322.0,24,45.98,1903.0,4,0,1
2016-04-30,2556.0,25,45.98,1314.0,5,1,1
2016-05-01,1148.0,17,45.98,550.0,6,1,1
2016-05-02,2321.0,10,44.75,1722.0,0,0,1
2016-05-03,1908.0,6,43.65,1726.0,1,0,1
2016-05-04,2281.0,17,43.77,1876.0,2,0,1
2016-05-05,2076.0,14,44.33,1810.0,3,0,1
2016-05-06,2642.0,7,44.58,2076.0,4,0,1
2016-05-07,2686.0,5,44.58,1486.0,5,1,1
2016-05-08,856.0,6,44.58,586.0,6,1,1
2016-05-09,2135.0,9,43.45,1692.0,0,0,1
2016-05-10,1747.0,7,44.68,1596.0,1,0,1
2016-05-11,2101.0,15,46.21,1828.0,2,0,1
2016-05-12,1792.0,10,46.64,1682.0,3,0,1
2016-05-13,2185.0,11,46.22,1829.0,4,0,1
2016-05-14,2145.0,11,46.22,1289.0,5,1,1
2016-05-15,1103.0,6,46.22,543.0,6,1,1
2016-05-16,2342.0,17,47.72,1794.0,0,0,1
2016-05-17,2116.0,9,48.29,1688.0,1,0,0
2016-05-18,2128.0,11,48.12,1687.0,2,0,0
2016-05-19,1839.0,8,48.16,1697.0,3,0,0
2016-05-20,2212.0,15,47.67,1843.0,4,0,0
2016-05-21,2202.0,9,47.67,1320.0,5,1,0
2016-05-22,852.0,5,47.67,516.0,6,1,0
2016-05-23,1870.0,8,48.12,1756.0,0,0,0
2016-05-24,1705.0,9,48.04,1709.0,1,0,0
2016-05-25,2036.0,9,49.1,1745.0,2,0,0
2016-05-26,2043.0,37,49.0,1669.0,3,0,0
2016-05-27,1106.0,24,49.36,612.0,4,0,1
2016-05-28,1691.0,32,49.36,1091.0,5,1,0
2016-05-29,868.0,25,49.36,474.0,6,1,0
2016-05-30,1992.0,33,49.36,1724.0,0,0,0
2016-05-31,2183.0,39,49.1,1769.0,1,0,0
2016-06-01,2199.0,37,49.07,1898.0,2,0,0
2016-06-02,1588.0,35,49.14,1637.0,3,0,0
2016-06-03,2143.0,31,48.69,1804.0,4,0,0
2016-06-04,2194.0,39,48.69,1261.0,5,1,0
2016-06-05,1038.0,25,48.69,489.0,6,1,0
2016-06-06,2098.0,36,49.71,1759.0,0,0,0
2016-06-07,1762.0,26,50.37,1743.0,1,0,0
2016-06-08,1994.0,38,51.23,1811.0,2,0,0
2016-06-09,1431.0,25,50.52,1577.0,3,0,0
2016-06-10,2221.0,26,49.09,1817.0,4,0,0
2016-06-11,2349.0,28,49.09,1237.0,5,1,0
2016-06-12,973.0,22,49.09,506.0,6,1,0
2016-06-13,2311.0,33,48.89,1755.0,0,0,0
2016-06-14,1708.0,21,48.49,1746.0,1,0,0
2016-06-15,2052.0,27,47.92,1837.0,2,0,0
2016-06-16,1705.0,23,46.14,1788.0,3,0,0
2016-06-17,2209.0,26,48.0,1831.0,4,0,0
2016-06-18,2104.0,27,48.0,1386.0,5,1,0
2016-06-19,989.0,21,48.0,570.0,6,1,0
2016-06-20,2232.0,34,49.4,1787.0,0,0,0
2016-06-21,1840.0,35,48.95,1623.0,1,0,0
2016-06-22,2363.0,32,49.16,1846.0,2,0,0
2016-06-23,1729.0,6,49.34,1609.0,3,0,0
2016-06-24,1862.0,6,46.7,1705.0,4,0,0
2016-06-25,2060.0,6,46.7,1241.0,5,1,0
2016-06-26,1103.0,5,46.7,485.0,6,1,0
2016-06-27,2377.0,6,45.8,1775.0,0,0,0
2016-06-28,2353.0,5,47.93,1699.0,1,0,0
2016-06-29,2009.0,5,49.85,1765.0,2,0,0
2016-06-30,1631.0,8,48.27,1622.0,3,0,0
2016-07-01,2298.0,8,49.02,1876.0,4,0,0
2016-07-02,2127.0,4,49.02,1253.0,5,1,0
2016-07-03,973.0,7,49.02,500.0,6,1,0
2016-07-04,2033.0,8,49.02,1790.0,0,0,0
2016-07-05,1941.0,13,46.73,1655.0,1,0,0
2016-07-06,2400.0,29,47.37,1826.0,2,0,0
2016-07-07,1697.0,15,45.22,1712.0,3,0,0
2016-07-08,2322.0,13,45.37,1780.0,4,0,0
2016-07-09,2089.0,16,45.37,1276.0,5,1,0
2016-07-10,787.0,11,45.37,530.0,6,1,0
2016-07-11,2048.0,13,44.73,1712.0,0,0,0
2016-07-12,1769.0,14,46.82,1648.0,1,0,0
2016-07-13,2332.0,8,44.87,1792.0,2,0,0
2016-07-14,1867.0,6,45.64,1719.0,3,0,0
2016-07-15,2162.0,8,45.93,1673.0,4,0,0
2016-07-16,2301.0,7,45.93,1339.0,5,1,0
2016-07-17,982.0,5,45.93,470.0,6,1,0
2016-07-18,2066.0,9,45.23,1766.0,0,0,0
2016-07-19,1875.0,6,44.64,1749.0,1,0,0
2016-07-20,2086.0,9,44.96,1816.0,2,0,0
2016-07-21,1763.0,6,43.96,1654.0,3,0,0
2016-07-22,2250.0,12,43.41,1798.0,4,0,0
2016-07-23,2025.0,6,43.41,1243.0,5,1,0
2016-07-24,815.0,4,43.41,501.0,6,1,0
2016-07-25,1929.0,6,42.4,1697.0,0,0,0
2016-07-26,1898.0,5,42.16,1615.0,1,0,0
2016-07-27,2166.0,0,41.9,1787.0,2,0,0
2016-07-28,1742.0,9,41.13,1609.0,3,0,0
2016-07-29,1671.0,6,41.54,1734.0,4,0,0
2016-07-30,2286.0,9,41.54,1280.0,5,1,0
2016-07-31,858.0,4,41.54,458.0,6,1,0
2016-08-01,2418.0,10,40.05,1750.0,0,0,0
2016-08-02,1859.0,12,39.5,1705.0,1,0,0
2016-08-03,2411.0,16,40.8,1843.0,2,0,0
2016-08-04,1741.0,24,41.92,1707.0,3,0,0
2016-08-05,2349.0,33,41.83,1814.0,4,0,0
2016-08-06,2206.0,24,41.83,1246.0,5,1,0
2016-08-07,873.0,20,41.83,474.0,6,1,0
2016-08-08,2168.0,28,43.06,1749.0,0,0,0
2016-08-09,2102.0,37,42.78,1662.0,1,0,0
2016-08-10,2135.0,25,41.75,1843.0,2,0,0
2016-08-11,2017.0,22,43.51,1697.0,3,0,0
2016-08-12,1038.0,24,44.47,515.0,4,0,1
2016-08-13,1613.0,29,44.47,1001.0,5,1,0
2016-08-14,743.0,14,44.47,423.0,6,1,0
2016-08-15,2420.0,37,45.72,1776.0,0,0,0
2016-08-16,2010.0,23,46.57,1648.0,1,0,0
2016-08-17,2346.0,34,46.81,1807.0,2,0,0
2016-08-18,1907.0,24,48.2,1580.0,3,0,0
2016-08-19,2218.0,26,48.48,1654.0,4,0,0
2016-08-20,2103.0,30,48.48,1191.0,5,1,0
2016-08-21,893.0,22,48.48,484.0,6,1,0
2016-08-22,2176.0,31,46.8,1682.0,0,0,0
2016-08-23,2123.0,37,47.54,1736.0,1,0,0
2016-08-24,2151.0,27,46.29,1831.0,2,0,0
2016-08-25,1820.0,12,46.97,1600.0,3,0,0
2016-08-26,2030.0,17,47.64,1730.0,4,0,0
2016-08-27,2112.0,14,47.64,1137.0,5,1,0
2016-08-28,944.0,10,47.64,504.0,6,1,0
2016-08-29,1925.0,14,46.97,1631.0,0,0,0
2016-08-30,1990.0,15,46.32,1660.0,1,0,0
2016-08-31,2169.0,17,44.68,1835.0,2,0,0
2016-09-01,2224.0,12,43.17,1783.0,3,0,0
2016-09-02,2418.0,11,44.39,1869.0,4,0,0
2016-09-03,2167.0,11,44.39,1292.0,5,1,0
2016-09-04,921.0,7,44.39,492.0,6,1,0
2016-09-05,2240.0,13,44.39,1697.0,0,0,0
2016-09-06,2391.0,13,44.85,1767.0,1,0,0
2016-09-07,2060.0,10,45.47,1833.0,2,0,0
2016-09-08,1946.0,8,47.63,1672.0,3,0,0
2016-09-09,2451.0,14,45.88,1795.0,4,0,0
2016-09-10,2251.0,8,45.88,1274.0,5,1,0
2016-09-11,864.0,2,45.88,481.0,6,1,0
2016-09-12,2453.0,10,46.28,1741.0,0,0,0
2016-09-13,1942.0,0,44.91,1670.0,1,0,0
2016-09-14,1992.0,6,43.62,1694.0,2,0,0
2016-09-15,1766.0,44,43.85,1658.0,3,0,0
2016-09-16,2414.0,46,43.04,1755.0,4,0,0
2016-09-17,2521.0,54,43.04,1325.0,5,1,0
2016-09-18,1177.0,40,43.04,541.0,6,1,0
2016-09-19,2342.0,48,43.34,1595.0,0,0,0
2016-09-20,2194.0,54,43.85,1729.0,1,0,0
2016-09-21,2159.0,57,45.33,1786.0,2,0,0
2016-09-22,1883.0,50,46.1,1652.0,3,0,0
2016-09-23,2269.0,53,44.36,1779.0,4,0,0
2016-09-24,2340.0,58,44.36,1277.0,5,1,0
2016-09-25,1121.0,42,44.36,502.0,6,1,0
2016-09-26,1957.0,56,45.6,1725.0,0,0,0
2016-09-27,2009.0,55,44.65,1566.0,1,0,0
2016-09-28,2379.0,51,47.07,1724.0,2,0,0
2016-09-29,1805.0,53,47.72,1548.0,3,0,0
2016-09-30,2028.0,54,47.72,1677.0,4,0,0
2016-10-01,2799.0,55,47.72,1341.0,5,1,0
2016-10-02,1277.0,43,47.72,528.0,6,1,0
2016-10-03,2762.0,55,48.8,1794.0,0,0,0
2016-10-04,2624.0,51,48.67,1713.0,1,0,0
2016-10-05,2573.0,54,49.75,1758.0,2,0,0
2016-10-06,2342.0,4,50.44,1719.0,3,0,0
2016-10-07,2081.0,6,49.76,1743.0,4,0,0
2016-10-08,2279.0,6,49.76,1294.0,5,1,0
2016-10-09,1221.0,3,49.76,539.0,6,1,1
2016-10-10,2206.0,5,49.76,1700.0,0,0,0
2016-10-11,1812.0,7,50.72,1654.0,1,0,0
2016-10-12,2584.0,8,50.14,1792.0,2,0,0
2016-10-13,1664.0,5,50.47,1667.0,3,0,0
2016-10-14,2647.0,11,50.35,1809.0,4,0,0
2016-10-15,2212.0,9,50.35,1263.0,5,1,0
2016-10-16,1454.0,5,50.35,583.0,6,1,0
2016-10-17,2490.0,7,49.97,1791.0,0,0,0
2016-10-18,1895.0,9,50.3,1655.0,1,0,0
2016-10-19,2563.0,8,51.59,1785.0,2,0,0
2016-10-20,2176.0,8,50.31,1707.0,3,0,0
2016-10-21,2469.0,14,50.61,1777.0,4,0,0
2016-10-22,2570.0,17,50.61,1323.0,5,1,0
2016-10-23,1106.0,10,50.61,562.0,6,1,0
2016-10-24,1783.0,15,50.18,1589.0,0,0,0
2016-10-25,2090.0,15,49.45,1763.0,1,0,0
2016-10-26,2032.0,47,48.75,1835.0,2,0,0
2016-10-27,2143.0,42,49.71,1701.0,3,0,0
2016-10-28,2576.0,38,48.72,1812.0,4,0,0
2016-10-29,2574.0,45,48.72,1347.0,5,1,0
2016-10-30,1059.0,36,48.72,549.0,6,1,0
2016-10-31,1777.0,45,46.83,1532.0,0,0,0
2016-11-01,3009.0,45,46.66,1805.0,1,0,0
2016-11-02,873.0,43,45.32,505.0,2,0,1
2016-11-03,739.0,36,44.66,445.0,3,0,1
2016-11-04,1637.0,52,44.07,923.0,4,0,1
2016-11-05,1839.0,42,44.07,915.0,5,1,0
2016-11-06,1054.0,43,44.07,478.0,6,1,0
2016-11-07,2538.0,42,44.88,1755.0,0,0,0
2016-11-08,2542.0,46,44.96,1810.0,1,0,0
2016-11-09,3557.0,48,45.2,1918.0,2,0,0
2016-11-10,2251.0,50,44.62,1712.0,3,0,0
2016-11-11,2351.0,43,43.39,1670.0,4,0,0
2016-11-12,2626.0,41,43.39,1448.0,5,1,1
2016-11-13,1221.0,34,43.39,574.0,6,1,0
2016-11-14,2354.0,42,43.29,1814.0,0,0,0
2016-11-15,2231.0,40,45.86,1811.0,1,0,0
2016-11-16,2818.0,55,45.56,1901.0,2,0,0
2016-11-17,2293.0,49,45.37,1732.0,3,0,0
2016-11-18,2229.0,45,45.69,1805.0,4,0,0
2016-11-19,2723.0,50,45.69,1341.0,5,1,0
2016-11-20,1293.0,40,45.69,534.0,6,1,0
2016-11-21,2489.0,56,47.48,1862.0,0,0,0
2016-11-22,2074.0,52,48.07,1825.0,1,0,0
2016-11-23,2385.0,63,46.72,1907.0,2,0,0
2016-11-24,2126.0,65,46.72,1728.0,3,0,0
2016-11-25,2665.0,64,46.72,1833.0,4,0,1
2016-11-26,2669.0,57,46.72,1260.0,5,1,0
2016-11-27,1044.0,51,46.72,545.0,6,1,0
2016-11-28,2655.0,64,45.66,1810.0,0,0,1
2016-11-29,2239.0,49,45.29,1672.0,1,0,0
2016-11-30,3301.0,68,49.41,1903.0,2,0,0
2016-12-01,2647.0,63,51.08,1868.0,3,0,0
2016-12-02,3314.0,65,51.7,1909.0,4,0,0
2016-12-03,2594.0,65,51.7,1215.0,5,1,0
2016-12-04,1316.0,51,51.7,568.0,6,1,0
2016-12-05,2496.0,61,51.72,1887.0,0,0,1
2016-12-06,1037.0,51,50.95,523.0,1,0,1
2016-12-07,3078.0,84,49.85,2004.0,2,0,0
2016-12-08,2378.0,55,50.84,1828.0,3,0,0
2016-12-09,2741.0,58,51.51,1881.0,4,0,0
2016-12-10,2677.0,60,51.51,1376.0,5,1,0
2016-12-11,1181.0,47,51.51,572.0,6,1,0
2016-12-12,2701.0,61,52.74,1847.0,0,0,0
2016-12-13,3153.0,53,52.99,1836.0,1,0,0
2016-12-14,2422.0,60,51.01,2076.0,2,0,0
2016-12-15,2320.0,60,50.9,2039.0,3,0,0
2016-12-16,2312.0,62,51.93,2103.0,4,0,0
2016-12-17,2717.0,57,51.93,1453.0,5,1,0
2016-12-18,1651.0,52,51.93,864.0,6,1,0
2016-12-19,3278.0,61,52.13,2144.0,0,0,0
2016-12-20,2768.0,68,52.22,2221.0,1,0,0
2016-12-21,3146.0,61,51.44,2555.0,2,0,1
2016-12-22,2574.0,63,51.98,2760.0,3,0,1
2016-12-23,2996.0,57,52.01,3023.0,4,0,1
2016-12-24,2576.0,56,52.01,1993.0,5,1,1
2016-12-26,696.0,39,52.01,488.0,0,0,1
2016-12-27,2379.0,56,52.82,1845.0,1,0,0
2016-12-28,2284.0,58,54.01,1834.0,2,0,0
2016-12-29,2054.0,51,53.8,1733.0,3,0,0
2016-12-30,2581.0,49,53.75,2119.0,4,0,0
2016-12-31,2318.0,53,53.75,1526.0,5,1,1
2017-01-01,0.0,0,53.75,0.0,6,1,0
2017-01-02,1434.0,31,53.75,516.0,0,0,1
2017-01-03,3081.0,42,52.36,1946.0,1,0,0
2017-01-04,3039.0,54,53.26,1905.0,2,0,0
2017-01-05,2617.0,32,53.77,1807.0,3,0,0
2017-01-06,2761.0,39,53.98,1856.0,4,0,0
2017-01-07,2503.0,30,53.98,1303.0,5,1,0
2017-01-08,1356.0,32,53.98,558.0,6,1,0
2017-01-09,4100.0,34,51.95,1798.0,0,0,0
2017-01-10,2370.0,35,50.82,1732.0,1,0,0
2017-01-11,2607.0,35,52.19,1868.0,2,0,0
2017-01-12,2430.0,31,53.01,1688.0,3,0,0
2017-01-13,2784.0,43,52.36,1831.0,4,0,0
2017-01-14,2978.0,41,52.36,1307.0,5,1,0
2017-01-15,1342.0,36,52.36,537.0,6,1,0
2017-01-16,2609.0,41,52.36,1848.0,0,0,0
2017-01-17,2762.0,41,52.45,1753.0,1,0,0
2017-01-18,2746.0,41,51.12,1871.0,2,0,0
2017-01-19,2399.0,40,51.39,1623.0,3,0,0
2017-01-20,1924.0,39,52.33,1546.0,4,0,0
2017-01-21,2963.0,40,52.33,1419.0,5,1,0
2017-01-22,1083.0,32,52.33,534.0,6,1,0
2017-01-23,3075.0,39,52.77,1836.0,0,0,0
2017-01-24,2499.0,40,52.38,1763.0,1,0,0
2017-01-25,2498.0,44,52.14,1867.0,2,0,0
2017-01-26,1829.0,26,53.24,1630.0,3,0,0
2017-01-27,2301.0,32,53.18,1871.0,4,0,0
2017-01-28,2662.0,30,53.18,1328.0,5,1,0
2017-01-29,1059.0,16,53.18,496.0,6,1,0
2017-01-30,1986.0,30,52.63,1686.0,0,0,0
2017-01-31,1965.0,26,52.75,1718.0,1,0,0
2017-02-01,2399.0,28,53.9,1900.0,2,0,0
2017-02-02,2257.0,18,53.55,1753.0,3,0,0
2017-02-03,2236.0,20,53.81,1869.0,4,0,0
2017-02-04,2737.0,24,53.81,1406.0,5,1,0
2017-02-05,1063.0,20,53.81,557.0,6,1,0
2017-02-06,2238.0,19,53.01,1773.0,0,0,0
2017-02-07,2169.0,23,52.19,1887.0,1,0,0
2017-02-08,2523.0,32,52.37,1912.0,2,0,0
2017-02-09,2112.0,12,52.99,1750.0,3,0,0
2017-02-10,2466.0,11,53.84,1858.0,4,0,0
2017-02-11,2596.0,11,53.84,1372.0,5,1,0
2017-02-12,1147.0,11,53.84,531.0,6,1,0
2017-02-13,2449.0,16,52.96,1933.0,0,0,0
2017-02-14,2105.0,13,53.21,2051.0,1,0,0
2017-02-15,2141.0,17,53.11,1780.0,2,0,0
2017-02-16,1866.0,13,53.41,1709.0,3,0,0
2017-02-17,2286.0,16,53.41,1719.0,4,0,0
2017-02-18,2906.0,16,53.41,1378.0,5,1,0
2017-02-19,1019.0,16,53.41,458.0,6,1,0
2017-02-20,2248.0,17,53.41,1645.0,0,0,0
2017-02-21,2419.0,19,54.02,1762.0,1,0,0
2017-02-22,2075.0,17,53.61,1769.0,2,0,0
2017-02-23,1923.0,13,54.48,1733.0,3,0,0
2017-02-24,2508.0,14,53.99,1918.0,4,0,0
2017-02-25,2198.0,15,53.99,1146.0,5,1,0
2017-02-26,690.0,9,53.99,379.0,6,1,0
2017-02-27,669.0,11,54.04,383.0,0,0,1
2017-02-28,1059.0,11,54.0,537.0,1,0,1
2017-03-01,3343.0,25,53.82,1873.0,2,0,0
2017-03-02,2519.0,20,52.63,1792.0,3,0,0
2017-03-03,2536.0,13,53.33,1886.0,4,0,0
2017-03-04,2577.0,18,53.33,1336.0,5,1,0
2017-03-05,1039.0,12,53.33,532.0,6,1,0
2017-03-06,1898.0,14,53.19,1728.0,0,0,0
2017-03-07,2625.0,9,52.68,1802.0,1,0,0
2017-03-08,2266.0,12,49.83,1914.0,2,0,0
2017-03-09,2084.0,25,48.75,1616.0,3,0,0
2017-03-10,2418.0,29,48.05,1771.0,4,0,0
2017-03-11,2701.0,31,48.05,1314.0,5,1,0
2017-03-12,1338.0,23,48.05,536.0,6,1,0
2017-03-13,2322.0,29,47.95,1744.0,0,0,0
2017-03-14,2216.0,29,47.24,1762.0,1,0,0
2017-03-15,2648.0,29,48.34,1879.0,2,0,0
2017-03-16,2057.0,28,48.3,1678.0,3,0,0
2017-03-17,2955.0,31,48.34,1965.0,4,0,0
2017-03-18,2502.0,29,48.34,1306.0,5,1,0
2017-03-19,1094.0,22,48.34,581.0,6,1,0
2017-03-20,2370.0,25,47.79,1791.0,0,0,0
2017-03-21,2873.0,21,47.02,1719.0,1,0,0
2017-03-22,2658.0,24,47.29,1739.0,2,0,0
2017-03-23,2333.0,20,47.0,1799.0,3,0,0
2017-03-24,2745.0,19,47.3,1858.0,4,0,0
2017-03-25,2356.0,21,47.3,1320.0,5,1,0
2017-03-26,1110.0,16,47.3,512.0,6,1,0
2017-03-27,2388.0,21,47.02,1765.0,0,0,0
2017-03-28,2184.0,17,48.36,1755.0,1,0,0
2017-03-29,2450.0,23,49.47,1852.0,2,0,0
2017-03-30,1971.0,3,50.3,1698.0,3,0,0
2017-03-31,2351.0,7,50.54,1707.0,4,0,0
2017-04-01,3229.0,8,50.54,1477.0,5,1,0
2017-04-02,1210.0,9,50.54,557.0,6,1,0
2017-04-03,2097.0,9,50.25,1759.0,0,0,0
2017-04-04,2249.0,9,50.99,1747.0,1,0,0
2017-04-05,2687.0,8,51.14,1930.0,2,0,0
2017-04-06,2164.0,10,51.69,1779.0,3,0,0
2017-04-07,2527.0,7,52.25,1846.0,4,0,0
2017-04-08,2729.0,9,52.25,1311.0,5,1,0
2017-04-09,1175.0,7,52.25,530.0,6,1,0
2017-04-10,2033.0,8,53.06,1596.0,0,0,0
2017-04-11,2116.0,11,53.38,1753.0,1,0,0
2017-04-12,2457.0,21,53.12,1867.0,2,0,0
2017-04-13,2599.0,27,53.19,1905.0,3,0,0
2017-04-14,817.0,14,53.19,494.0,4,0,1
2017-04-15,1946.0,13,53.19,1116.0,5,1,0
2017-04-16,1114.0,20,53.19,483.0,6,1,0
2017-04-17,2731.0,23,52.62,1750.0,0,0,0
2017-04-18,2102.0,20,52.46,1652.0,1,0,0
2017-04-19,2426.0,27,50.49,1802.0,2,0,0
2017-04-20,1948.0,23,50.26,1579.0,3,0,0
2017-04-21,2600.0,25,49.64,1958.0,4,0,0
2017-04-22,2785.0,32,49.64,1338.0,5,1,0
2017-04-23,1047.0,23,49.64,518.0,6,1,0
2017-04-24,2419.0,36,48.9,1632.0,0,0,0
2017-04-25,2083.0,27,49.22,1732.0,1,0,0
2017-04-26,2608.0,29,49.22,1862.0,2,0,0
2017-04-27,2022.0,32,48.96,1744.0,3,0,0
2017-04-28,2235.0,28,49.31,1903.0,4,0,0
2017-04-29,2156.0,33,49.31,1278.0,5,1,0
2017-04-30,995.0,17,49.31,498.0,6,1,0
2017-05-01,825.0,15,48.83,481.0,0,0,1
2017-05-02,3179.0,26,47.65,1757.0,1,0,0
2017-05-03,2479.0,28,47.79,1803.0,2,0,0
2017-05-04,2454.0,15,45.55,1729.0,3,0,0
2017-05-05,2243.0,17,46.23,1752.0,4,0,0
2017-05-06,2735.0,13,46.23,1351.0,5,1,0
2017-05-07,1019.0,11,46.23,523.0,6,1,0
2017-05-08,2317.0,16,46.46,1740.0,0,0,0
2017-05-09,1943.0,15,45.84,1784.0,1,0,0
2017-05-10,2033.0,24,47.28,1831.0,2,0,0
2017-05-11,1697.0,20,47.81,1608.0,3,0,0
2017-05-12,2472.0,26,47.83,1982.0,4,0,0
2017-05-13,2498.0,27,47.83,1487.0,5,1,1
2017-05-14,883.0,18,47.83,554.0,6,1,1
2017-05-15,2280.0,28,48.86,1601.0,0,0,0
2017-05-16,2393.0,28,48.64,1738.0,1,0,0
2017-05-17,2374.0,31,49.04,1795.0,2,0,0
2017-05-18,2154.0,26,49.36,1662.0,3,0,0
2017-05-19,2743.0,30,50.32,1897.0,4,0,0
2017-05-20,2379.0,28,50.32,1284.0,5,1,0
2017-05-21,974.0,23,50.32,495.0,6,1,0
2017-05-22,2620.0,25,50.81,1758.0,0,0,0
2017-05-23,2365.0,25,51.12,1701.0,1,0,0
2017-05-24,2611.0,26,50.99,1844.0,2,0,0
2017-05-25,2229.0,27,48.57,1663.0,3,0,0
2017-05-26,1100.0,21,49.58,580.0,4,0,1
2017-05-27,2270.0,30,49.58,1116.0,5,1,0
2017-05-28,1110.0,24,49.58,512.0,6,1,0
2017-05-29,2407.0,32,49.58,1750.0,0,0,0
2017-05-30,1937.0,31,49.63,1770.0,1,0,0
2017-05-31,2554.0,31,48.29,1878.0,2,0,0
2017-06-01,2250.0,9,48.32,1815.0,3,0,0
2017-06-02,2752.0,27,47.68,1925.0,4,0,0
2017-06-03,2718.0,24,47.68,1420.0,5,1,0
2017-06-04,1142.0,17,47.68,525.0,6,1,0
2017-06-05,2616.0,20,47.4,1883.0,0,0,0
2017-06-06,2625.0,24,48.13,1816.0,1,0,0
2017-06-07,2651.0,26,45.8,1889.0,2,0,0
2017-06-08,2159.0,22,45.68,1694.0,3,0,0
2017-06-09,2532.0,23,45.82,1886.0,4,0,0
2017-06-10,2692.0,23,45.82,1362.0,5,1,0
2017-06-11,1272.0,23,45.82,585.0,6,1,0
2017-06-12,2335.0,24,46.1,1711.0,0,0,0
2017-06-13,2579.0,21,46.41,1766.0,1,0,0
2017-06-14,2707.0,25,44.79,1832.0,2,0,0
2017-06-15,2137.0,22,44.47,1776.0,3,0,0
2017-06-16,2532.0,17,44.73,1946.0,4,0,0
2017-06-17,2738.0,19,44.73,1388.0,5,1,0
2017-06-18,1005.0,10,44.73,577.0,6,1,0
2017-06-19,2493.0,16,44.24,1747.0,0,0,0
2017-06-20,2977.0,17,43.34,1778.0,1,0,0
2017-06-21,2583.0,34,42.48,1841.0,2,0,0
2017-06-22,1824.0,21,42.53,1739.0,3,0,0
2017-06-23,2394.0,24,42.86,1843.0,4,0,0
2017-06-24,2674.0,25,42.86,1299.0,5,1,0
2017-06-25,1070.0,20,42.86,517.0,6,1,0
2017-06-26,2242.0,25,43.24,1752.0,0,0,0
2017-06-27,2101.0,25,44.25,1764.0,1,0,0
2017-06-28,2203.0,26,44.74,1906.0,2,0,0
2017-06-29,2128.0,26,44.88,1645.0,3,0,0
2017-06-30,2496.0,30,46.02,1852.0,4,0,0
2017-07-01,2596.0,27,46.02,1362.0,5,1,0
2017-07-02,1135.0,25,46.02,542.0,6,1,0
2017-07-03,2526.0,27,46.02,1890.0,0,0,0
2017-07-04,2284.0,27,46.02,1803.0,1,0,0
2017-07-05,2691.0,42,45.11,1913.0,2,0,0
2017-07-06,2284.0,39,45.52,1698.0,3,0,0
2017-07-07,2574.0,41,44.25,1843.0,4,0,0
2017-07-08,2351.0,38,44.25,1366.0,5,1,0
2017-07-09,1181.0,35,44.25,579.0,6,1,0
2017-07-10,2338.0,38,44.4,1814.0,0,0,0
2017-07-11,2372.0,36,45.06,1760.0,1,0,0
2017-07-12,2460.0,45,45.48,1970.0,2,0,0
2017-07-13,2115.0,34,46.06,1679.0,3,0,0
2017-07-14,2529.0,40,46.53,1867.0,4,0,0
2017-07-15,2183.0,38,46.53,1338.0,5,1,0
2017-07-16,1079.0,34,46.53,518.0,6,1,0
2017-07-17,2381.0,39,46.02,1739.0,0,0,0
2017-07-18,2589.0,42,46.4,1733.0,1,0,0
2017-07-19,2369.0,34,47.1,1797.0,2,0,0
2017-07-20,2006.0,32,46.73,1774.0,3,0,0
2017-07-21,2859.0,30,45.78,1878.0,4,0,0
2017-07-22,2258.0,22,45.78,1333.0,5,1,0
2017-07-23,1024.0,19,45.78,547.0,6,1,0
2017-07-24,2158.0,22,46.21,1807.0,0,0,0
2017-07-25,2438.0,23,47.77,1785.0,1,0,0
2017-07-26,2242.0,21,48.58,1903.0,2,0,0
2017-07-27,2002.0,27,49.05,1729.0,3,0,0
2017-07-28,2358.0,26,49.72,1848.0,4,0,0
2017-07-29,2161.0,22,49.72,1251.0,5,1,0
2017-07-30,1212.0,16,49.72,519.0,6,1,0
2017-07-31,2414.0,24,50.21,1872.0,0,0,0
2017-08-01,2627.0,26,49.19,1795.0,1,0,0
2017-08-02,2645.0,25,49.6,1892.0,2,0,0
2017-08-03,2037.0,7,49.03,1726.0,3,0,0
2017-08-04,2479.0,10,49.57,1847.0,4,0,0
2017-08-05,2093.0,7,49.57,1251.0,5,1,0
2017-08-06,968.0,5,49.57,507.0,6,1,0
2017-08-07,2086.0,7,49.37,1665.0,0,0,0
2017-08-08,2418.0,7,49.07,1766.0,1,0,0
2017-08-09,2311.0,7,49.59,1766.0,2,0,0
2017-08-10,2377.0,6,48.54,1764.0,3,0,0
2017-08-11,1006.0,3,48.81,570.0,4,0,1
2017-08-12,1659.0,7,48.81,1004.0,5,1,0
2017-08-13,803.0,5,48.81,416.0,6,1,0
2017-08-14,2201.0,9,47.59,1733.0,0,0,0
2017-08-15,1942.0,11,47.57,1693.0,1,0,0
